id,name
0,田中 香織
1,中村 健一
2,佐藤 真綾
3,山田 舞
4,中村 舞
5,池田 陽一
6,小林 知実
7,小林 真綾
8,吉田 学
9,伊藤 花子
10,山本 晃
11,井上 香織
12,青木 さゆり
13,高橋 舞
14,中島 花子
15,村上 春香
16,石井 京助
17,吉田 千代
18,中川 舞
19,山口 千代
20,田中 直子
21,中島 和也
22,加藤 京助
23,近藤 真綾
24,高橋 淳
25,佐藤 幹
26,渡辺 あすか
27,渡辺 幹
28,佐藤 稔
29,佐藤 直人
30,斉藤 裕樹
31,小川 里佳
32,渡辺 裕樹
33,斎藤 あすか
34,岡本 太一
35,中村 康弘
36,田中 篤司
37,池田 充
38,藤井 淳
39,西村 涼平
40,高橋 翔太
41,佐々木 亮介
42,高橋 真綾
43,前田 裕樹
44,中村 洋介
45,山口 幹
46,阿部 零
47,中川 さゆり
48,鈴木 聡太郎
49,小川 陽子
50,佐藤 太郎
51,高橋 七夏
52,坂本 幹
53,前田 修平
54,村上 太郎
55,佐藤 修平
56,近藤 翼
57,森 充
58,山田 舞
59,岡本 陽一
60,青木 桃子
61,山本 里佳
62,田中 里佳
63,三浦 くみ子
64,渡辺 篤司
65,松本 真綾
66,田中 稔
67,斉藤 翔太
68,小林 拓真
69,斎藤 学
70,渡辺 くみ子
71,池田 修平
72,伊藤 くみ子
73,高橋 裕樹
74,山本 裕太
75,佐藤 舞
76,鈴木 知実
77,鈴木 さゆり
78,佐々木 くみ子
79,松本 英樹
80,福田 香織
81,加藤 舞
82,遠藤 太郎
83,斉藤 篤司
84,田中 春香
85,石川 修平
86,佐藤 明美
87,斎藤 明美
88,佐藤 七夏
89,岡本 美加子
90,鈴木 零
91,前田 学
92,松田 健一
93,伊藤 裕太
94,村上 裕美子
95,鈴木 充
96,阿部 翼
97,西村 舞
98,山口 太一
99,長谷川 幹
