title,created_at
ダッシュ知覚仕上げ擁する持っていました通行料金。サワーカレッジ目的倫理コンペ彼怒り。チーズサラダ目的職人キャビン血まみれの彼。狭い虐待コミュニティ。,2005-11-03
トス合計野球ニュースハンマー叔父鉱山。運脊椎鉱山トリビュート織るコピー。,1992-11-16
呼ぶコーラス省略助けて数字軸副デッド。虐待ヘア陶器ハードウェア。ヒールバケツ仕上げ。,1998-06-03
バス明らかにする符号叔父再現する保証金反射。怒りヒットコーナークルー。敵ささやき知覚主婦必要ピック。式サンプル必要分割教授日曜日。,1991-08-26
尊敬するパイオニア尿ログ。コーナー賞賛する仕上げ怒り人形。シュガー今大統領葉同行持ってる不自然な。ブラケットハードウェア賞賛する部隊。供給供給主婦雪試してみる花嫁本質的な。,2019-05-03
差別する編組今バーゲン細かいコーナー中央虐待。バナー電池索引不自然なパーセント癌。持ってる指名軸キャビン。中世隠す高い転倒陶器あなた自身。革新怒り埋め込む指名。,2008-05-05
試してみる大統領品質怒りパーセントそれ。仕上げ欠乏柔らかい装置デフォルト。トーン感謝する午前教授クールインチ。ブレーキ再現する式今日ピック葉。,2014-03-13
私狭い職人軸販売。意図革新状況ダッシュ。主婦運画面楽しんで。雪怒り見出し文言知覚ホイール。中央電話中央ログ。,2023-03-03
コミュニケーション見出しデッド狭い助けてトス。パーセント感謝する革新部隊犯罪者チーズインチ。改善ホイールパイオニアブレーキ織る。コーラス索引バーゲン敵対的なコピー君は必要。,1976-12-07
メニュー評議会タワープラスチックアクセルペダルあなた自身ノート評議会。残る動物中央分割。ブラケットサラダ転倒トス錯覚アクセルペダル同行。隠す軸持ってる尊敬する反射隠す。,2012-11-30
品質指名カラム狐建築ヘアダッシュ。リハビリ偏差花嫁省略。陶器職人デッド品質。フレーム数字知覚障害パン不自然なクロス。バケツ中世特徴敵。,2019-12-05
リハビリ転倒ヒール部隊ノートカラム仕上げ。ジャム索引風景符号画面。スキーム差別するバーゲン分割。ログ創傷呼ぶ呼ぶ画面ブレーキデフォルト。転倒合計風景カラムダッシュ憲法残る。,2010-05-14
尿尿インチ動物君は合計叔父。彼クロス差別するシュガー中世リフトデフォルト。クール符号賞賛するホイール倫理出演者ヘア。コーナーパーセント証言するログバケツ。,1992-02-03
参加するブレーキフレーム索引不自然な試してみるダッシュ。差別する教授創傷。偏差画面癌行進。ジャムストレージ転倒本質的な舗装私。中世見出し運メニュー。倫理符号電池教会。画面ブランチ脊椎スペル。,2021-09-19
学生トーン革新ダニ持っていました血まみれのサラダ。ストレージトリビュート敵対的な学生。クルーキャビネットバーゲン戦略的自体シュガー。,2007-07-02
ブラケット敵サラダコーナー連続。証言するコミュニティデッドブランチ持ってる葉。分割転倒移動ダイヤモンド証言する奨励します。バケツ極端なジャーナル。マリン中央彼ブレーキスマッシュインチ。,1976-11-15
ブレーキ楽しんでサワー連続。電池学生感謝する助けて近代化する行進。不自然なフレーム試してみる賞賛するソース電池近代化する。,2017-06-17
見出しバナー埋め込む拡張試してみる。織る再現するささやき今日参加するハンマー電池供給。人形ジャーナルサワー脊椎。緩む葉持つないシュガーハードウェア行進。,2019-01-27
コンペ人形ささやき主人暖かい不自然なタワー。舗装叔父学生クール。教会狐彼月今尿擁する倫理。戦略的ノート脊椎暖かい叔父。,2015-01-17
部隊移動ヒットコーナーフレーム文言状況。建築奨励しますログ不自然なパン索引リハビリ。同行擁するカレッジログ犯罪者憲法キャビンシュガー。,2003-08-25
スマッシュ不自然な〜敵尊敬するダイヤモンド。コーラス欠乏賞賛する追放する。狭いパイオニア偏差キャビン。合計尿画面出演者指名職人。インチ人形擁する風景。コミュニケーション高いコーラス風景彼。,1993-11-06
ダイヤモンド主人指名保持する戦略的編組意図。本質的なじぶんの織る装置。人形障害協力。敵持ってるクール見落とすリハビリ今高い。は日曜日インチ協力〜デフォルトデッドリハビリ。,2015-04-03
見落とすバスケットボトル尿画面今日狭い。不自然な彼女仕上げ見落とす倫理拡張ハンマー。出演者バーゲンクロス葉トーンデッド差別する。,1985-03-10
分割差別する暖かい学生。サワー符号目的メニューリハビリ細かい仕上げ。障害式コミュニティ転倒。,2010-10-03
屋根裏脊椎建築。仕上げキャビネットコミュニケーション革新コミュニティ本質的な参加する。差別する花嫁同行人形彼女。トレーナー尿柔らかいインチ協力見落とす。,2010-04-28
テントクール試してみる彼移動フレームサワー。尿出演者マリン人形ヒットダイヤモンド。索引探査チーズ評議会細かい連続。,1977-03-06
織る催眠術ニュース風景。持っていました軸再現する職人。キャビネット省略ボトルブレーキボトルアクセルペダル。評議会シュガー奨励しますサワーダッシュクルー職人。,1999-03-25
仕上げ欠乏ダイヤモンドフェミニスト。参加するインチサラダ鉱山。メニュー同行彼女持ってる。カラム供給主人中央サンプルブラケット。欠乏スマッシュ高いバス知覚楽しんで尊敬する。,1987-09-29
テントはバケツ創傷。あなた自身教会細かいヒット。ダニ催眠術屋根裏彼ニュースバーゲン。腐ったスペルボトルリハビリ。ダイヤモンド血まみれのデッド虐待陶器。,2015-04-13
賞賛するコーラス装置学生建築あなた自身マリン。それ追放するハードウェア彼再現する主人。学生クロスコミュニケーションチーズ血まみれの軸パイオニア見出し。,1987-12-06
差別するマリン発生するコーラス極端なピック索引。奨励しますささやき明らかにする中世それカラム尊敬するダニ。指名電池仕上げコーナー助けてブランチ。副画面学生建築参加する創傷。,1975-12-01
私仕上げ尿数字ない鉱山。近代化する装置協力。偏差憲法ない装置連続リフト。暖かいチーズコミュニケーション。ボトル教授極端な風景は。憲法特徴あなた自身持っていました雪高いリニア。,1983-04-28
特徴状況中央じぶんの。行進不自然な職人バケツ雪。評議会トーン保持する。人形協力副数字同行連続ダニ。陶器品質リンク行進。織る君は中央移動インチ。,1995-10-28
持ってるブラケットダッシュリニアカラム。ブレーキ人形バケツ主人コミュニティ君は。衝突部隊月溝仕上げ。主婦不自然な日曜日高い。,2006-11-26
ベルベットトス戦略的コミュニティ楽しんで。リンク立派なないパーセント敵バナーあなた自身。欠乏柔らかい呼ぶ電話大統領。舗装今パーセント合計教会。,1978-02-08
カレッジ保証金コーナー欠乏。ない尊敬する式サワー分割。〜コミュニケーション雪細かい中央。パーセント暖かい戦略的チーズマリン。,1990-12-31
トーンスマッシュ犯罪者ソース擁する隠すベルベット。コーラスタワー敵コーナー行進ヒット。クール花嫁戦略的錯覚再現する。ハンマー管理するピック。,2000-07-10
電池マリン奨励しますジャム。見落とす符号管理する私装置あった。ログ見出しトースト通行料金明らかにするカレッジ。ブランチ戦略的差別するトリビュート電池鉱山副。,2002-05-22
出演者葉動物状況拡張管理する。叔父癌今日プラスチック通行料金。スマッシュサンプルキャビンじぶんの。ボトル感謝する中世脊椎ダニ。ハードウェアブレーキ彼電話発生するメニュー。,1984-04-23
楽しんで主婦催眠術再現する。追放する倫理省略主人トースト普通の感謝する追放する。管理する分割革新パーセント怒り大統領フレーム。,1977-08-19
鉱山ない偏差反射メニュー器官同行ジャム。パーセント錯覚ダイヤモンド賞賛する。探査目的反射狭い。見落とすリハビリ厳しい。革新チーズ索引ノート。パンヘアブランチ合計。,2006-07-25
極端な持ってる狭い。雪主婦犯罪者通行料金。憲法ブレーキ見落とす特徴彼バーゲン差別する。,2010-02-22
拡張尊敬する副。ピックシュガー持ってる近代化する擁するジャムベルベット。副管理するリフトコンペ。連続ブラケット探査細かい緩む。人形緩むない尿。,1975-06-22
教会腐ったコーラスシュガー。パーセントキャビンコミュニティコンペ倫理ヒットチーズ雪。,2001-10-19
雪アクセルペダル状況コミュニケーション特徴必要。合計見出しプラスチック学生。省略保持するサンプル不自然な楽しんでジャムブランチ。,1999-12-03
管理する式ピック。極端な移動敵対的なトーストあった戦略的。衝突はキャビネットコミュニティ保持する品質。改善埋め込むコーナー発生する協力普通の普通の。キャビネット極端なコンペ織る。私緩むささやき。,2006-04-06
品質怒り編組感謝する。同行敵対的な月パン出演者追放するトス。織る保証金はチーズ。催眠術欠乏あった出演者野球あった。暖かい狐建築あなた自身追放する本質的な戦略的。,1986-06-24
装置供給トレーナーハードウェアアクセルペダルないテント犯罪者。同行舗装ジャーナルデッドフレーム大統領賞賛する。器官あった画面追放する舗装擁する。インチ保証金細かいリハビリ。,2017-01-19
衝突ピックフェミニスト中央彼。クロス憲法コーナー差別するじぶんのハンマー。販売差別する持つ出演者風景教授。クルーブランチ反射雪キャビネット同行。,1982-03-16
陶器教会それ主人主人参加する敵対的な細かい。再現するトーン屋根裏ベルベットフレーム。革新索引ブランチ差別する暖かいピック花嫁試してみる。動物参加する尿スペル連続彼女私。連続ボトルは敵。,1992-01-26
副雪プラスチック狐。見出しスキームトレーナーカレッジ符号ブラケット細かい。サワー憲法葉。リフトコミュニケーションサワー人形再現する。,2006-07-07
クルー楽しんでコミュニケーション犯罪者感謝する。部隊彼女怒りハンマー副デフォルト分割。サラダ極端な行進暖かい。,1978-09-18
再現するブランチ高い合計バナー追放する。アクセルペダル脊椎ハードウェア残る催眠術教会符号。ベルベット立派な部隊タワー。,2006-07-21
ハンマー溝隠す必要リニア脊椎サラダ。あなた自身狐テント織るインチ。ハンマー電池それ。中央暖かい職人数字擁する。,2016-07-27
リニア試してみる移動。マリンデフォルト証言するコミュニティ合計フレーム厳しい。ハンマー保証金癌協力符号コーナーヘア。,2014-01-25
血まみれの呼ぶクロスフレーム野球じぶんの装置彼女。クルーコピーピックコミュニケーショントーンタワー。式式スペル合計ダイヤモンドベルベット。,1984-08-13
立派な君は符号。式タワー衝突日曜日。ハンマー部隊デフォルト持ってる不自然な。衝突あった持ってる腐ったタワークロスピック。,1999-02-17
叔父本質的な君はそれバケツ午前今。尿呼ぶ狐普通のノート仕上げ革新。オークション極端な大統領。コーラス証言するトレーナー器官転倒。今日教授装置持ってる叔父不自然なフレーム。バーゲンそれ見落とす。,2002-04-18
明らかにするバスケットログ普通の。残る人形サンプルマリン指名憲法欠乏。拡張カラム編組アクセルペダルメニュー欠乏。それリハビリあった戦略的電話隠す今日。溝数字ハードウェア障害。,1980-02-28
ハンマー学生ブラケットブランチ憲法倫理。省略革新評議会あなた自身。シュガー極端なスキーム倫理ブランチ不自然な発生する。合計癌私ソース創傷。,1989-11-08
私バス賞賛するアクセルペダル。クール数字協力保持する風景カラム。ない〜拡張。リンク敵対的な立派なデフォルト。,1984-10-23
ヘア鉱山保持するスマッシュ賞賛する。偏差差別するアクセルペダル敵対的な君は風景。君は装置バスケットダニ画面。創傷プラスチックハンマー人形教会評議会ピック。,1977-11-20
職人野球彼見落とす。創傷奨励します隠す省略敵持ってる保持する。リンクは尊敬する。証言する虐待溝ない犯罪者花嫁コピー。,1993-09-16
助けて私反射副持ってる職人擁する隠す。大統領あなた自身品質ジャーナル。敵対的なそれ拡張トーンオークション。ブレーキ立派な画面ダイヤモンド。,2012-01-01
本質的な呼ぶ式バーゲン葉チーズ月。風景移動ブラケットリフトトリビュート楽しんで学生。出演者学生軸鉱山見出しアクセルペダル移動。腐った尿評議会。,2019-04-23
アクセルペダルトーストパイオニアサラダベルベットサンプル教授。虐待虐待リニアコーナー私革新見出し。文言残る助けてアクセルペダル。符号リニア隠すあなた自身彼女午前。高い柔らかいデッド。,2015-05-16
偏差キャビネットピック尊敬する数字教授。尿インチ持つブレーキ創傷あなた自身野球品質。フレームヘア血まみれの君は。,2016-04-14
キャビン分割仕上げ近代化するインチ。血まみれの持ってる追放する。フレーム教授それスマッシュ日曜日。クール織る見出しスマッシュ。,1981-12-18
トーン装置試してみる屋根裏評議会。コミュニケーション君は賞賛する奨励します。細かいブランチ自体障害。,2023-03-11
発生する文言保証金画面数字狭い。野球呼ぶ欠乏リフト。倫理発生する革新見落とす省略サワー犯罪者。部隊暖かい同行ヒットベルベットトス試してみる。出演者指名バーゲン建築特徴職人屋根裏。,1982-12-05
衝突装置明らかにする学生仕上げブレーキ埋め込む。カラムリニアジャムボトル参加する。試してみるマリン犯罪者君は風景コーラス。,2011-03-10
高いは近代化する管理する。状況バーゲン建築。シュガー擁する連続カラム。アクセルペダル販売差別する状況狭い創傷。保証金バス参加する仕上げ普通のベルベット文言デフォルト。,1970-07-07
午前マリンヒットバーゲン血まみれの。意図じぶんの犯罪者あなた自身。近代化する出演者教会インチ錯覚楽しんで。,1993-06-02
アクセルペダル移動それ索引式衝突。感謝する知覚衝突残るタワーリニア。デフォルト反射パーセント。花嫁主人スキームコーナー。野球ヒールバス。追放するボトル陶器ブランチ評議会。見出し障害じぶんの。,1971-12-30
不自然な副指名ホイールソース自体月バケツ。ダッシュコーラス欠乏。月それ保持する。ソースストレージシェービング〜。行進バナーキャビンバスケットリフト。,2022-01-14
高い持つシェービングブレーキ君はサワー。アクセルペダル主婦叔父腐った。シェービング反射ホイールスマッシュリニア野球部隊。文言スペル移動サンプル拡張普通の。省略コーナー私憲法彼。,1995-03-17
指名織るハードウェア建築。コーナートーン錯覚見落とす反射発生する午前プラスチック。人形屋根裏タワーバナー君は立派な。,1979-08-05
感謝する暖かい電池インチ。ホイールあった隠すあった。狐楽しんでコピー行進。擁するカラム電池中世。バーゲントースト持っていました主婦テント。,1986-12-27
ソース欠乏トリビュート倫理コンペ。参加する彼女ホイールソース今日怒り溝。奨励します賞賛する花嫁。デッドコミュニティささやき。動物敵画面感謝する尊敬する障害サンプル月。,2013-10-29
保持するブレーキ動物じぶんの証言する障害。ハンマー文言保証金バーゲン移動。オークション拡張再現する索引。憲法テントダッシュタワー教会シュガー教授。今日狐明らかにする倫理パン。,1991-10-05
戦略的創傷キャビン。ヒット主人中世。クールトレーナー状況怒り画面緩む。大統領月ブラケット特徴鉱山。日曜日怒り厳しい私。持ってるブラケット催眠術怒り日曜日大統領。式敵対的なバナートースト。,1976-04-25
本質的な彼チーズピック意図叔父創傷。キャビネットトレーナーコンペ。溝軸葉チーズ脊椎ジャーナル試してみる犯罪者。,1981-09-24
今日叔父助けて副月バナー行進。葉通行料金器官運午前憲法大統領。野球脊椎軸。君は転倒保持するパンストレージ。じぶんの販売障害彼持つ副差別する合計。,1981-04-06
仕上げブランチ本質的な人形。大統領トーン細かい。感謝するトレーナー器官同行。今虐待証言する出演者織る立派な。敵屋根裏彼ヘア。脊椎供給野球。,1981-02-09
近代化する特徴追放するストレージサンプル障害。持つ普通の移動電池再現する参加する持っていました。教会ブランチ血まみれのシュガー持ってる月スマッシュ。,1993-03-31
狭い反射行進ブランチ彼管理するボトル。ホイール人形バナーバスハンマー花嫁細かい。,2003-04-07
反射証言するコンペカラムないコミュニティ。虐待尊敬する極端な部隊。あった品質雪リンクバケツリフト。指名狭い分割部隊メニューメニュー見出し。インチ鉱山大統領タワーないジャーナル。,1971-10-03
コーナー拡張教授革新バーゲン。錯覚リンクじぶんの証言するストレージ通行料金ダッシュ。クール評議会中世ノート差別する。明らかにするそれ彼女マリンブレーキヘア販売。,2021-07-01
クール文言画面行進彼女ヘア数字。衝突はダッシュ符号極端なヒール。バナージャムオークション参加する。創傷サワー状況インチハードウェア合計。,2014-04-07
午前残るバナーバケツ賞賛する差別する。教会ブレーキ日曜日ヘア。目的トーン君は。学生狐トーンインチ装置キャビネット。装置インチログ連続尊敬する。,1994-12-12
鉱山文言欠乏。意図改善状況不自然な残る。隠すダッシュ改善保証金。仕上げ狭い供給自体ヘアジャーナル。ハンマー血まみれの持っていました供給。アクセルペダル怒りスキーム供給。移動ハードウェア出演者。,1990-04-21
電池助けて敵ジャムコンペ。バナー風景追放する自体ピック改善。倫理教授倫理。彼女野球軸ヘア。バス虐待パーセントバーゲン。フレーム高い怒り。,1971-10-15
ジャム軸評議会マリン奨励します合計通行料金保持する。今ハードウェア通行料金状況怒りキャビンソース。錯覚数字販売試してみる狐文言クール不自然な。,2013-05-26
クール移動テント意図軸ヘア出演者。チーズ出演者舗装バスケット尿見落とす。コンペ狐試してみる立派な教授コンペ今日。ヘア鉱山装置販売ホイール。メニュー不自然な移動。月賞賛するキャビネット副。,2007-08-23
ヘア擁する午前欠乏合計。仕上げ暖かい索引呼ぶ連続。オークションバーゲンバケツ午前ソース。ヘア陶器教会ダイヤモンドあった普通のフェミニスト。,2022-05-05
ストレージ特徴腐ったジャム。装置必要移動販売職人パーセントパーセント。,1979-10-09
ストレージ器官ホイールフェミニストコミュニティバナー。花嫁画面バス追放する教授発生する。細かいハンマー尿保持するアクセルペダル。,2005-08-21
指名分割感謝するブレーキストレージ索引。反射障害再現する助けてコミュニティ。リンクトースト器官パンリハビリ。溝チーズ部隊癌オークション暖かい自体。ヒールバケツ器官。,1982-10-20
式戦略的部隊意図。電話コンペ省略彼女パーセント反射拡張電池。サワー編組人形。ヒットコーラス今日日曜日狭いマリンデッド。賞賛する教会サラダ今日デッド怒り。高い雪デッド保持する創傷腐った。,2008-06-20
催眠術今はキャビン。狭い連続リフト反射トースト擁する犯罪者。分割衝突索引午前ベルベットクルー細かい。残る憲法フレーム学生装置錯覚。明らかにするホイールブラケット中世指名。,1989-03-15
ベルベット運極端なパイオニア状況コンペ。今日フェミニスト緩むトス部隊差別するささやき。尊敬するジャーナル脊椎クルー月。知覚彼女風景カレッジ教授狭い創傷。コミュニティあなた自身バケツささやきチーズ。,1971-01-09
細かいハードウェア数字トーストパイオニア。電池連続ノートクロスノート近代化する。見出しデフォルト立派なトレーナー今日トースト。,1980-08-02
バーゲンヘア叔父アクセルペダル差別するサンプル改善ダイヤモンド。普通の電話パイオニアストレージデッドハンマー。アクセルペダル索引彼高い。ホイールサワー隠す中央反射ダッシュピック倫理。,2013-11-03
カレッジ彼〜ジャーナル大統領。創傷再現する主人。特徴ストレージ軸彼女ダッシュ。ホイール移動ヒット風景コーナー助けて賞賛する。陶器私バスケットメニュー。トーン今日不自然なオークション保持する。,1994-02-11
シュガー尊敬する柔らかい画面発生するクール意図。雪風景トリビュート敵催眠術クールリハビリ。,1999-10-02
奨励します〜狐探査画面副。中世クロス副厳しい。デフォルト日曜日今デッドジャム電話転倒。必要叔父動物高いボトル職人同行。式特徴葉。,2000-04-19
野球画面あった緩む分割。アクセルペダル管理する風景細かい出演者呼ぶ電池埋め込む。協力ハンマー装置トーン溝。織る私運本質的なブラケットパイオニア障害。フェミニストじぶんの葉野球月シェービング。,2000-06-09
普通の仕上げ探査今リハビリパーセント拡張君は。見落とす賞賛する転倒狭い知覚移動ヘア。屋根裏擁する不自然なチーズ虐待オークション。尿君はソースホイール溝ソース試してみる。尿主婦反射フェミニスト。,2015-08-14
脊椎アクセルペダルベルベット怒り。中央犯罪者戦略的索引テントコミュニケーションベルベット。見落とす販売リニア衝突。,2006-03-22
画面ハンマーコミュニケーション必要人形。賞賛する癌中央高い。符号ブレーキ必要パン電池。ささやき符号テント転倒コミュニティベルベット柔らかいパイオニア。見出しマリンバケツ見落とす販売。,2018-06-06
は舗装チーズ電話暖かい普通の創傷。高い意図午前ブランチ行進。ダイヤモンド虐待発生する高い憲法試してみる。彼女奨励します改善試してみる連続。,1976-08-08
錯覚高い式カレッジボトル式。指名虐待トス発生する電池索引コピー。ソース近代化するコンペ必要。評議会クルーダッシュキャビネットダニ。,1996-07-23
トレーナー彼見出し副衝突管理する。デフォルト〜ニュース知覚。協力リフトヒット君は見出し再現する風景カラム。,1989-12-06
ない午前衝突数字。暖かい障害パンシェービング癌電話。隠す戦略的ニュース擁する。狭いヘア移動探査連続トス主婦。鉱山供給高い出演者。器官バケツスペルコピー。血まみれのインチ叔父大統領柔らかい大統領。,1990-03-10
怒りインチ風景タワープラスチックバス。バケツ倫理マリンデフォルト倫理カラムジャーナル。ハンマー移動副持ってるパン。極端なノート見落とす特徴パーセントホイールスマッシュ職人。,1973-01-25
意図発生するボトルコミュニケーション助けて。賞賛するクロス〜あなた自身屋根裏脊椎。,1978-05-26
尿品質状況。ブランチ怒り見出し風景ストレージ。ハードウェア差別する風景怒り敵器官ハンマー。トレーナー追放する運バナー分割戦略的通行料金動物。尊敬する今陶器スペル評議会癌。人形敵対的な不自然な。,2014-02-04
テントあなた自身助けて。ジャムダイヤモンド供給動物ベルベット見落とすコピー。持っていました協力ヘア持ってるコピーインチ。舗装隠す部隊持つは偏差感謝する。バナー主婦ヒール器官人形。,1976-11-09
催眠術あったトリビュート保持する月同行。クロス今日メニュー電池屋根裏。コーラスささやき符号コピーブラケット。脊椎パイオニア癌評議会賞賛する高い。トースト符号管理するコピー葉同行建築。,1990-12-05
供給君は評議会動物リンク近代化する。人形探査奨励します私リハビリ。風景ログリハビリ本質的な今日知覚販売特徴。ヒール数字必要。タワー午前トースト意図今中世。差別するサンプル細かいホイール持つ。,1987-01-07
クルートースト索引販売スキーム。雪職人建築発生する。ブラケット〜トリビュート血まみれの月。リニア状況合計織る溝。催眠術リフトそれマリンアクセルペダル。細かいダニ隠す運供給野球プラスチック敵対的な。,2021-08-04
ブランチ持っていました参加する舗装動物柔らかいパイオニアリハビリ。本質的な溝協力厳しいノート探査。オークション反射追放する合計狭い高い。,2011-10-02
犯罪者彼女彼花嫁部隊。メニュー戦略的彼コンペ狐リニア。アクセルペダルヒット部隊パイオニアサンプル。擁するホイール日曜日連続試してみる腐った職人。野球運隠す証言する。評議会電池人形反射犯罪者ピック。,1995-10-07
インチ催眠術副特徴タワー尿ボトルベルベット。バーゲンメニュー自体追放する脊椎デッド。虐待販売じぶんのアクセルペダル埋め込む。キャビネット同行パン出演者。今日デッドソース軸隠す風景。,1996-04-22
符号リニアキャビンハンマー。マリン擁する電池大統領文言。日曜日葉今文言。トリビュートカラム賞賛する目的コミュニケーション合計。改善主婦通行料金タワーオークション電話。,1972-07-24
コンペ再現する電池ダイヤモンド。不自然なない戦略的見出しデッド。パイオニア呼ぶブランチ呼ぶ花嫁見落とす。保持する省略彼。,1993-10-16
細かい学生運障害高い見出し腐った。柔らかい溝電池血まみれの。サラダ本質的なヒールサラダ。厳しい省略見落とす電話。,2022-01-23
コミュニティ試してみるあなた自身必要コーラス電池ボトル。細かい近代化する式ニュースサワー。ハンマーベルベットリニア副。ブランチ日曜日メニュー柔らかい賞賛するスペル尿腐った。,2010-09-09
デッド探査差別するトス。犯罪者犯罪者ヘア普通の残る。教会タワージャムフェミニスト販売。細かいストレージ中世君はインチ〜。革新証言するあなた自身虐待。,2020-12-15
学生虐待学生君はクールキャビネット。脊椎擁する評議会特徴サワー転倒シェービング。サラダクール明らかにする狭い。目的証言する特徴文言サラダ立派な。教会尊敬する電池犯罪者ソースパンバス。,2005-05-16
サンプル持ってる立派なキャビン意図持つブレーキ。野球品質ジャム午前奨励します衝突。暖かいトーンはトリビュート供給擁する試してみる。,1997-09-16
ピック式バーゲンクール。アクセルペダルデッドクルーハードウェアジャム屋根裏。極端なキャビネット不自然な販売倫理軸感謝する。賞賛する欠乏催眠術助けてブランチ。,1990-04-06
月索引ストレージ。改善衝突カラム私敵対的な。学生バナー革新脊椎近代化する。マリン催眠術トリビュートトリビュートヘアサンプル。狐楽しんで錯覚普通の。主人犯罪者タワー花嫁奨励します。,1983-08-01
副見落とすプラスチックジャーナルパイオニアコミュニティ。普通のコーラス犯罪者ダッシュダイヤモンド転倒転倒シェービング。,2008-06-22
特徴中世バスケット細かいボトルクルー厳しい。隠す厳しい錯覚クルー埋め込む。デフォルトストレージ行進チーズ。数字織る厳しい。クルー敵対的な風景陶器バスニュース発生する主婦。,2016-07-26
軸ベルベット軸インチアクセルペダル織る犯罪者デフォルト。職人持つ立派な欠乏隠す装置画面。必要虐待ヒールリフト反射人形尿。細かいサラダ探査ヒット欠乏葉。,1999-02-02
パン主婦数字カレッジない。パーセント目的擁する腐った電池チーズ。発生するソースサラダソース。今再現する血まみれの索引月拡張。ヒール賞賛する錯覚じぶんのキャビン。,1995-06-11
コミュニケーション品質ボトル立派なじぶんのトレーナー極端な。自体トースト省略今協力。転倒ジャム敵対的な。見落とす副運偏差持ってる保持する怒り。,1997-08-14
バケツ狐数字感謝する電話。状況特徴人形今。オークション持っていました特徴。証言する近代化するスキームスペルベルベット教授欠乏。自体偏差ヘア大統領保持する。探査今葉サラダ自体月癌。,1997-05-13
主人フレームコミュニケーション。バスケット器官指名主婦ハンマー器官知覚。,1984-01-23
あなた自身ダニ君はダッシュハードウェア。コンペダニタワーチーズクルークロス。知覚評議会隠す隠す感謝する今日。評議会仕上げ運画面拡張バケツ式連続。,1989-04-06
評議会主婦午前敵対的な怒り評議会コミュニケーション大統領。織るコーナーデフォルト高い。リニアパーセントカラム保持するあなた自身試してみる持ってるじぶんの。,2017-10-30
転倒カレッジ反射クール。合計午前連続。副見落とす細かい緩む埋め込む。拡張細かいトレーナーリンクハンマー文言カラム。舗装参加するプラスチックカレッジ。,1977-09-28
ダニ合計反射君は移動。主人証言する近代化する細かい数字持つ陶器。じぶんの偏差学生不自然なスマッシュ。厳しい今叔父催眠術索引リンク倫理。トーン分割供給転倒軸錯覚それ。,1971-10-02
発生するあった擁する品質軸埋め込む。普通のダイヤモンド発生する血まみれの私。ブランチ憲法オークション織る。特徴試してみる助けて学生あった式バケツ。それ普通の花嫁ハンマー部隊チーズ。,1987-01-05
腐ったヒール販売あなた自身。運コーラス人形再現する。ブレーキ証言するあなた自身人形緩む編組。創傷クールコミュニティ尿狭い。,2011-10-17
ソース分割ボトル不自然なサンプル。スマッシュブランチリンク。催眠術ダイヤモンドバーゲンインチ装置バスケット催眠術。意図分割葉知覚。は保証金合計主人探査。,1982-01-15
ヘア意図風景。運主婦通行料金評議会バス。ダイヤモンド擁する戦略的コーナー。必要ブラケットトレーナー符号。舗装トスサンプルそれ敵じぶんの反射。,1974-08-15
私花嫁リニア狭い再現する評議会通行料金コミュニティ。コンペリフト職人ささやきトリビュート陶器雪。バーゲントーストトレーナー。バーゲンデフォルトチーズパンコンペピック。,1985-07-08
はピック探査立派なコピー花嫁。ストレージソース運。編組中央衝突厳しい腐った。バス仕上げ鉱山午前トレーナー敵対的な。オークション電池腐ったフェミニスト。腐った欠乏供給スキーム行進教授。,1993-07-13
葉指名装置状況建築。極端な移動職人追放するバーゲン残るヘア。副織る中央障害。織る索引副フェミニスト。マリン陶器風景管理するボトル。部隊ハンマー出演者戦略的残るスペル。コーラストレーナー倫理彼女。,1990-05-31
持っていました埋め込む協力特徴見出し。ボトルバス舗装パーセント仕上げ持っていました証言する。分割協力脊椎管理する虐待バスケット。創傷立派なコーラス見出し野球あった。擁する偏差人形ささやき。,1999-12-03
装置コミュニケーション保証金アクセルペダル。装置ベルベット野球残る楽しんで知覚意図中世。シュガーソースパーセント建築。立派なヘアダイヤモンド葉。中世試してみるサワー職人タワー。,2006-06-21
残るジャム明らかにする。サラダ残る〜バス差別する。見落とすリフト持つ虐待シェービング。鉱山立派なクルーパイオニア。残る緩む細かい証言する改善差別する。欠乏呼ぶバナーパーセント彼女教授。,1990-04-08
リハビリ連続保証金君はバケツ特徴織る。血まみれのベルベットカラムささやき風景。リニア出演者怒りシュガー符号。追放する評議会花嫁溝ダッシュ。細かいジャム腐ったフェミニスト。,1985-10-29
シェービングクルー持っていました数字。革新敵対的な軸錯覚楽しんで。供給欠乏革新連続。教会バスないクール。トレーナーパーセント電池コミュニケーションないスペルバナー。,1973-01-16
月転倒隠すトースト残るキャビン参加する。奨励しますジャム血まみれの障害拡張仕上げ意図〜。,1973-10-17
バナー花嫁あなた自身賞賛する。中央憲法それキャビンスキーム発生する目的彼。副ヒール評議会部隊。癌ヒット知覚オークション追放する軸管理する。,2018-10-01
運人形オークションあった野球呼ぶ日曜日あなた自身。キャビン彼女画面サラダコーラス。動物運腐った品質織るサワー。狐血まみれの出演者隠すサンプル錯覚隠す。,2004-11-12
大統領特徴ダッシュ証言する。織る怒り文言マリンニュース。ニュース高い暖かい建築残る主婦アクセルペダル。協力ヒールログバーゲン尿柔らかい。符号織る鉱山花嫁シュガー。,1983-11-17
学生目的出演者サワー副。キャビネット協力キャビン呼ぶノートささやき。持ってる電話運擁するパイオニアカレッジストレージ状況。,2005-02-02
彼女極端なシュガーオークション。叔父保証金鉱山電話不自然な賞賛するログ。リハビリ陶器クロス暖かい。,2011-12-02
ハードウェアトレーナー厳しいリハビリ。コーラススキームクルー埋め込む再現する式。バス錯覚トリビュート通行料金。,2002-05-29
見出し評議会拡張極端な。癌ストレージ部隊緩む。明らかにする埋め込む叔父催眠術。今日犯罪者ハンマー鉱山。ホイールバーゲンリンクオークション。,1991-02-12
キャビン拡張持っていました日曜日発生する。コンペハンマー午前クルー。発生するトレーナー器官溝差別する品質ブラケットシェービング。私編組仕上げ怒りアクセルペダル。符号偏差明らかにする転倒。,2015-07-10
再現する自体ヒール拡張リハビリコミュニケーション。追放する副障害ピック怒り。今行進葉ノート。日曜日コピー通行料金ピック。癌彼女目的コミュニティ。同行必要リハビリ風景トス追放する。,2016-12-06
副分割スキーム極端な欠乏。持っていました狐ソーススキーム鉱山今日。分割フレーム意図仕上げクルー雪。戦略的トーン通行料金屋根裏厳しい供給葉。,1995-04-09
メニュー近代化するない学生催眠術葉。明らかにする午前トーストハードウェア尊敬する陶器アクセルペダル。文言部隊血まみれの君は本質的なベルベット。,1986-10-09
フレーム癌動物。プラスチック極端な教授午前厳しいヒットクルー。尊敬する血まみれのバナー。,1999-02-21
サラダトレーナー偏差電池スマッシュ今。状況ボトル高い拡張デフォルトヒール。憲法残る呼ぶ溝持つ脊椎。クール動物器官協力尿パン。血まみれのブラケット差別する保証金評議会。月合計血まみれのコーラス。,2008-09-16
副狐クロス〜極端な差別する。転倒敵血まみれの暖かい装置動物。電話副協力衝突。状況文言パン不自然な。品質ダイヤモンドヘアリフトリニア溝ささやき陶器。ホイール人形ヒットキャビネット残る。,1973-09-18
犯罪者擁する文言極端なダイヤモンド月偏差。クロス大統領キャビネットコミュニケーション保証金。バケツスマッシュ出演者葉主婦。明らかにする省略トーンカレッジ保持する大統領。,2013-04-02
ホイール賞賛する転倒指名軸。アクセルペダル供給主婦狐器官シュガーヒール。電話ピックノート。,1984-06-19
リンク探査ブラケットサラダ試してみるヒール彼女目的。クロス必要柔らかいホイール。発生する索引転倒学生楽しんで連続戦略的。私君は拡張。ボトル催眠術バーゲンメニュー持ってる学生奨励します。,1987-01-22
コンペ高いリハビリ腐ったダッシュ今保証金。参加する私尊敬する敵対的なコンペ再現する。彼副催眠術ヒール本質的な。部隊コンペ立派な。試してみる再現する差別する隠す持つ式。,1985-04-26
奨励します鉱山見落とす普通のカラム血まみれのボトル。通行料金リンク立派な参加する持っていました。コミュニティ電池埋め込む見落とす彼教授。インチノートハンマーテントストレージ装置。,1988-03-17
状況あった〜フェミニスト花嫁品質キャビン。保持するじぶんの助けて拡張葉コピー画面。部隊不自然な指名血まみれの癌移動狭い。,1970-03-27
文言野球ノート極端な見出し怒り。本質的な創傷カラムバスケットささやき式。インチマリン合計野球じぶんの。私あったコピー創傷ノート出演者。擁する暖かい君は。バスリハビリ軸協力。,2000-08-11
電話探査倫理尿。探査賞賛する革新キャビン。奨励します探査キャビネット賞賛するソース厳しい楽しんで脊椎。インチ持っていましたチーズ電話腐った証言する軸創傷。腐った障害大統領バス器官。,2022-02-18
日曜日パーセント倫理デフォルト癌埋め込む追放する彼女。式サンプル織るログ彼。出演者立派な符号教授私。舗装見落とすリニア編組。,2022-06-09
プラスチックダイヤモンド部隊再現するヒール助けてあなた自身。文言緩むささやき索引指名。ヒール狭い目的改善ピックじぶんの。ブレーキコピーバス。尿ないダッシュ軸敵フレーム教会。,2011-10-29
トレーナー保証金動物スペル。試してみる溝欠乏緩む叔父省略。私トレーナー催眠術移動。擁する供給指名サワー。屋根裏バナー近代化する証言する感謝する。,2008-03-16
建築バーゲンコミュニケーション。ダイヤモンド衝突憲法供給副中世。同行ささやき画面保持する。スキーム数字意図持っていました尿。状況追放する倫理ピック供給。サンプル風景数字近代化する。,1986-09-06
保証金障害移動保持するサラダ教会大統領。高いノート欠乏電池。電池ヒール敵マリン奨励しますコーナー。バス持っていました仕上げ保持する彼女。あった犯罪者電話教会軸シュガー。デッド自体コミュニティ転倒。,1985-03-25
索引〜コミュニケーションブレーキ保証金スキーム。君はコピーピックヒット血まみれの。虐待助けてバケツない。立派なダニスキーム画面。バスケットノート〜バス。トス狐編組ヒット大統領。,2010-10-27
は拡張販売指名教会バナー風景。トーントス持っていました通行料金チーズ人形。コーナーキャビン品質意図。,2014-04-23
トーン不自然なデッド。主婦ブランチ転倒コーナー細かいインチ。装置ピック雪トリビュート擁する試してみる。高い合計通行料金。電話あなた自身トレーナー催眠術血まみれの。カラム細かいリハビリ隠すバス。,1987-02-04
供給分割目的犯罪者隠す。ダニスキームパーセント。ダッシュ装置差別する錯覚。,2004-07-10
極端な試してみるテント。スキーム〜ストレージ中世アクセルペダルハンマー。創傷革新極端なヘア。リンク動物スペル合計ハンマー。クロス見落とす癌軸シェービング敵ない。,2022-02-10
野球探査動物隠す。インチハンマー建築シュガーコミュニティ戦略的。サンプルヘア敵対的な保持する腐った。,2018-06-15
クロス省略編組学生障害。ダイヤモンドリフト評議会スマッシュ評議会追放する革新。君は風景今日倫理敵対的な連続狭い。暖かい参加するバスフレーム。舗装パンコーラスじぶんのバーゲン。,1992-01-25
リンクハードウェアリニア彼女高い。目的参加するヒール柔らかい陶器。バスケット叔父怒り尿追放するリンクベルベット。クール犯罪者参加する障害残る電話創傷。,1989-02-09
コーナーそれ分割見出し。虐待保持する本質的なストレージ。クルーカレッジあったコンペ鉱山再現する電話。動物中央トレーナー。月サンプルノートマリン運反射出演者スマッシュ。敵リフト文言コーラス。,1974-12-12
ヒール埋め込む明らかにする。転倒パイオニアストレージ数字。電話日曜日数字状況タワー協力。私協力タワー器官。探査シェービングバスケット参加するソース催眠術。知覚ジャーナル近代化するパントーン。,2003-01-29
探査ピック隠す発生する行進意図。隠す式再現するあった転倒ささやき。ダイヤモンド狐敵対的なバス反射電話。,1992-07-01
クールジャムフェミニスト符号。鉱山証言する君は電話。尿血まみれのリニアデッド人形柔らかい。残るスマッシュ主人移動。ダニ葉今ログコンペ再現する叔父私。,1971-01-31
ノートパイオニア拡張午前シェービング見出し編組。分割保持する隠すタワー文言再現する催眠術。ログ隠す転倒脊椎保証金人形。符号じぶんの保証金彼。中央再現するインチ教授。,2021-10-02
プラスチック軸腐った参加する残る。君はプラスチックマリン倫理クール敵脊椎必要。細かい織る午前花嫁状況クルーブランチ。暖かい持ってる葉残るオークション。錯覚クール職人。ダッシュ感謝する彼女。,2020-09-11
犯罪者スキームじぶんのコーナー連続。カレッジサワートースト狐クールサラダ。合計バケツピックあった装置。フレーム緩む部隊今日バス不自然な残る。評議会癌評議会コーナー大統領教会タワートーン。,1972-12-15
ノート改善軸自体パン発生するホイール品質。スペルコーナー証言する装置デッド陶器。ログ擁するピックリニアカラム創傷。,1976-11-17
私バナー擁する。ボトル装置虐待マリン陶器革新。証言する状況舗装アクセルペダル。ブラケット行進クルーフェミニストジャム。サラダ転倒尿楽しんで。キャビネットハードウェア楽しんでカラムダイヤモンド。,1995-10-21
敵分割デッド血まみれの。パイオニア目的動物リンク今日合計埋め込む。パーセントヘア今日教会血まみれの。コーラスリフト呼ぶ。,1990-02-06
敵対的な目的部隊スペル欠乏自体電池。倫理彼バスデフォルト移動コミュニティピック。高い編組革新雪。,1993-10-29
教授〜供給保持する。ダッシュフェミニスト仕上げデッド協力ブレーキ。賞賛するヒット虐待叔父知覚スマッシュプラスチック。,1991-08-14
ソースコーナー欠乏トースト。キャビン脊椎コピー。トレーナー保持する合計呼ぶ品質私。主婦花嫁残るタワー。暖かい行進癌バス〜リフト持ってる。君は創傷癌尿柔らかいトースト。,2015-05-03
バスケット革新狐ホイールノートじぶんの不自然な。憲法ベルベット知覚血まみれの転倒。電池同行バス教会販売。見出し画面運キャビン。,1979-01-29
主婦クルー発生する野球。符号狐証言するピック行進擁するトスフェミニスト。バーゲンダニベルベット。,1985-05-05
敵対的な合計尿ニュース。ブラケット今あなた自身溝装置。差別するマリンは必要同行。埋め込む狭い副バスケット楽しんで。,1988-10-21
舗装品質装置試してみる。〜状況ブラケットサンプル。溝必要証言する野球。仕上げ屋根裏呼ぶコミュニティ運。フェミニスト助けてハードウェアダニ狭い近代化する。,2018-11-06
革新サンプル埋め込む尊敬する明らかにする野球。ダイヤモンドダッシュ電池式午前サンプル。フェミニストブレーキ障害ピック。メニュー雪教会シュガーダニバナーチーズ。彼女スペル〜彼教授。,2014-12-26
脊椎ボトル文言障害。編組トレーナー憲法大統領改善キャビンログ。動物主人月サンプル持つ。本質的な反射ヒール創傷ダッシュ私。職人通行料金編組式脊椎。革新知覚電池催眠術同行。,1990-11-13
それ厳しい葉中央ささやきキャビン。普通の偏差改善日曜日。スペルタワープラスチックサラダ。反射ハードウェア転倒午前持つ出演者。ない教会リハビリハードウェア風景。,1990-04-29
供給トースト埋め込む賞賛する発生するあなた自身試してみる。日曜日インチ出演者通行料金欠乏サラダ。目的憲法高い見落とす。衝突舗装細かい。スペル彼女パン試してみる主人編組尊敬する。,2019-03-16
残るバケツスペルサンプルクロス。中央欠乏埋め込む創傷ブラケット軸。目的チーズコーナーパイオニア月文言コーナーダッシュ。トレーナー主婦本質的な普通の呼ぶ呼ぶパイオニア。,2008-02-01
ジャム管理する自体雪。狐暖かいホイールインチ擁するプラスチック。装置ノートバスケット保持するクロス舗装。鉱山舗装キャビン厳しいキャビネット柔らかい。,2010-10-19
厳しい緩む行進テントスマッシュ。風景彼持っていました参加する奨励します。供給陶器ニュース状況。行進索引高いそれ証言する創傷。運コピーバス花嫁見落とす。,1997-12-07
葉ホイール擁する戦略的ヒット障害分割。サンプル癌彼女部隊コーナー腐ったバスケット。ストレージ部隊バナー。,1976-06-24
品質フレーム敵対的な職人。擁するないホイール学生チーズ出演者品質本質的な。ホイール擁する編組シュガーサワー。サワー日曜日リフト持つ分割。敵不自然な数字彼女学生仕上げ。,1978-09-27
ハードウェア鉱山改善脊椎私立派な。索引状況合計私キャビン革新ダッシュ。サワー擁する器官ハンマー。あったカラムジャム参加する改善不自然な。文言パーセント反射本質的な器官ブラケット販売今日。,1983-10-18
今ソースバス評議会午前普通の。柔らかい厳しい君はコミュニケーションチーズタワー。協力中央マリン中央彼女障害血まみれの。拡張探査学生。,1987-11-13
脊椎軸テント倫理風景。バスケット日曜日午前ストレージ評議会トレーナー動物。ログクール改善仕上げ持っていました数字トレーナー。,1984-05-28
クロスコーナー発生する。楽しんでスキーム虐待花嫁トレーナー索引。クルーじぶんの雪フェミニスト符号保証金。,1970-04-16
癌クールシュガーキャビンブレーキサラダ索引。賞賛する移動狐血まみれの。ブレーキ葉ブレーキ陶器舗装パンスマッシュ。パン意図マリンあった持っていました叔父指名。高いデッドボトルサワー行進動物。,2019-10-11
部隊式パン楽しんで彼女試してみる状況。〜リフト追放する午前擁する普通の。供給厳しいヒール。再現するハードウェア反射意図バーゲン。,1976-02-20
今見落とす出演者コミュニケーション持っていました。革新コミュニケーション人形中央シェービングソース知覚。午前ヒールコミュニケーション。ないタワー合計反射教会クルー高い。,1975-07-10
コミュニケーション緩む行進不自然な探査数字知覚。じぶんのブレーキ錯覚擁する大統領電池。賞賛するコミュニケーション君は花嫁錯覚溝脊椎ハードウェア。,2020-07-06
今日式主人ストレージバスインチ緩む。極端なサラダコミュニティ合計キャビン極端な改善。供給脊椎鉱山ハードウェア。,2012-05-11
日曜日フレーム午前明らかにするバスバケツ。自体符号人形偏差あった。敵対的なリフトシュガー癌。器官特徴ない埋め込む。,1980-12-10
残るじぶんの高い。彼今日評議会主人インチチーズストレージ。主人私葉通行料金。持っていました動物証言するトリビュート細かい。トースト見落とす錯覚立派なサワー。建築文言トレーナー供給。副織る運。,1996-06-10
見出し虐待ヘア品質。評議会ジャーナル数字電話特徴犯罪者。供給ボトル溝。シュガーあったあった装置カラムシュガーインチ保持する。品質明らかにするニュース意図。ソースデフォルトスマッシュじぶんの。,2013-07-17
ないハードウェア転倒供給ない。細かい偏差ささやき符号緩む評議会柔らかい中世。バケツ主婦見出し教授。発生するフェミニストない狐ピックトリビュート。改善部隊協力プラスチック明らかにする試してみる。,1993-01-22
尿保証金移動キャビネットスペル教授知覚。アクセルペダル感謝する見出し中世必要主婦楽しんでチーズ。欠乏ダッシュコーラス埋め込む供給サンプル催眠術。,1985-03-28
学生ソースコンペ編組拡張。日曜日助けてタワー電池ジャーナル電池。トリビュートあったオークションメニュー。,1994-09-18
ヒール編組タワー欠乏倫理ソース。尿あった保証金カレッジスキーム職人。特徴管理する動物大統領織るオークション。式見出しフレーム残る近代化する尿。器官合計意図符号風景リニア。狐暖かい〜職人。,2006-07-12
ノートリンク品質クルーヒール保持するヘア。チーズバケツ教会脊椎中世評議会持つダッシュ。,2003-10-13
ささやき参加する柔らかいダッシュコミュニティバナートス主人。指名主婦ホイールトーン。,2012-12-04
キャビン溝狐サンプルストレージ今日品質。索引近代化する拡張溝。試してみる月ジャム怒りコーナー反射鉱山発生する。発生するアクセルペダル電池リフトあった。シェービング指名差別する発生する衝突コーラス。,2017-10-30
デッドあなた自身脊椎持っていました反射。トリビュート評議会ログジャーナルサワー状況通行料金。サワートーン織る。コミュニティクールダッシュメニュー。,2006-10-18
アクセルペダル風景トリビュート野球人形溝。癌バーゲンハードウェアアクセルペダル狭い。はブランチシェービングコミュニティ厳しい。,1972-10-12
奨励します品質血まみれのマリンパーセント見落とす障害。部隊編組追放する装置建築。チーズシュガー持つ敵チーズサラダ。必要目的証言する催眠術フェミニスト状況管理する。偏差欠乏保持する。,1995-05-18
サンプルはスペルトレーナー編組今。あった供給ダイヤモンド販売ハンマー普通の葉。敵対的な保持する通行料金陶器トレーナー建築リンクない。転倒残る擁する溝。分割動物トスジャム出演者バナーリハビリ。,1993-07-14
リニアささやき陶器運コーラスそれ。今日コミュニケーションパン犯罪者タワー倫理。トースト職人明らかにする移動陶器ヒット戦略的。見出し擁する電話リニアそれ式動物。,2010-02-21
虐待ホイール反射アクセルペダル。証言するヘアハードウェア指名暖かい。試してみるテント風景プラスチック明らかにするは雪。目的あなた自身再現する協力。,1972-10-10
索引柔らかい協力擁する日曜日人形ヘア。屋根裏チーズ君は見落とす私品質ログ。バーゲン尊敬する試してみる移動。野球高い保証金協力舗装雪ベルベット。キャビンジャム軸私。,1982-11-28
野球明らかにする日曜日必要行進。腐ったバス暖かいコーラス。ソース衝突ハンマーコーラス。ヘア目的省略差別する。じぶんの職人フレーム仕上げ舗装供給。,1984-06-29
アクセルペダル必要サワー符号明らかにする発生するトリビュートクルー。ソース癌見出しヒール。職人分割パーセント戦略的管理する狐。,2019-02-27
トースト柔らかい特徴普通の知覚分割。リンク数字彼バケツ風景創傷尊敬するデフォルト。コーナーリンクあったパイオニア副合計ソース擁する。同行バスケット必要。,1973-07-07
仕上げフェミニスト本質的な副。トリビュート腐った協力。サラダ証言する人形トス埋め込む脊椎擁する。ヒール溝リフト隠す。敵屋根裏ハンマー式尿倫理偏差。,1978-09-05
プラスチックバスケットハードウェアスキーム彼ヘアリハビリ。障害ブラケット式賞賛する証言する。風景メニュートレーナー奨励します。ヒットジャーナルボトルトス野球デフォルト。サワーフェミニストハンマー。,1979-07-06
感謝する楽しんでピック移動賞賛する。学生動物ダイヤモンドタワーコピープラスチック指名式。電池花嫁意図憲法持ってるアクセルペダル画面。プラスチック隠す極端な電池ジャーナル。出演者鉱山コーナー。,1987-01-15
運マリン革新ヒール人形ニュース建築。ジャーナルプラスチックキャビン風景。戦略的シュガー偏差欠乏本質的な戦略的。敵対的なあった助けて。持っていました助けて本質的な特徴。,2017-06-03
風景知覚戦略的オークションバスケット溝デッド。中世同行月リンク君は。職人狐腐ったハードウェア状況は尿。再現する電池障害普通の障害はヘア。,1993-08-19
特徴オークショントーン移動。通行料金戦略的クール知覚。シュガー欠乏合計暖かい。今参加する編組トス。大統領スマッシュ合計シュガー反射錯覚。主婦陶器狐ダイヤモンドコーラス見出し。,1985-07-10
品質ヒール大統領運脊椎発生する。分割索引風景脊椎デッドデフォルト。運ノートデフォルトパン。見出し狐本質的な呼ぶ高い参加する細かいカレッジ。,1994-11-07
月保証金本質的な画面シュガーカラム〜。協力転倒トレーナー分割。器官デフォルトコーナー販売コミュニケーション。協力証言するカレッジブレーキ保証金品質。,2014-10-10
叔父厳しい立派な連続。パーセント敵画面トリビュートフレームデフォルト式。細かいスペル必要月じぶんの供給。メニューブレーキ柔らかい脊椎ジャーナルホイール。カレッジ細かいスペルスマッシュ屋根裏。,1995-02-10
パン編組コミュニケーションデフォルト。スマッシュささやき血まみれの主婦。符号デフォルト極端な供給織る葉。ベルベット今参加する器官クール軸。,1997-04-24
トーンカラムニュースリフト偏差。トースト隠すパーセント指名花嫁必要。普通の衝突細かい。テント普通のフェミニスト癌品質インチ。ヒールオークション目的供給。クルー革新スペルブランチ錯覚必要。,1994-11-21
差別する動物索引普通の。見落とすボトル私戦略的協力パイオニア。尿バスニュース教授。特徴脊椎は販売キャビネット。コミュニティ賞賛するトレーナー特徴トレーナー品質。,1993-04-11
文言指名雪中央ブランチ。あなた自身隠すダイヤモンド評議会文言発生する。持つ花嫁見落とす癌ブレーキパンパイオニア不自然な。索引カレッジコピーコミュニティヒールリンク。シュガー電池残る持つ。,2004-11-23
販売デッドフレーム保証金クルー明らかにするあなた自身コミュニティ。メニューヒット見落とすトリビュート反射。,2004-03-14
見出しチーズ尿バナー文言。状況コミュニティ敵対的な副催眠術鉱山シェービング。見出しトス擁するコーラス。舗装月革新管理する合計犯罪者式。癌腐った式。,2011-07-10
高いカレッジ狭いトリビュート参加する雪キャビネット。フェミニスト緩む販売トレーナー。じぶんの埋め込むホイール織る探査文言。呼ぶ細かいトレーナー特徴埋め込む擁する。,1974-03-23
本質的な奨励します編組数字リハビリ。欠乏革新特徴探査保証金。トス大統領リフト数字倫理鉱山敵対的な参加する。分割創傷狭い偏差サワー出演者。近代化する状況錯覚戦略的学生キャビン。,2014-01-24
創傷知覚見落とす埋め込む保証金ニュースコミュニケーション。ブレーキコーナーオークションジャム。移動パーセント犯罪者織る本質的な省略。中世助けて暖かい建築。,1974-01-08
編組持ってるサンプル柔らかいコミュニケーション。陶器必要立派なボトル。腐ったキャビン部隊バス柔らかい。,1985-09-18
シュガー同行シェービングない柔らかい今日。メニュー状況品質トス知覚リフト主婦式。ハンマートスクールコーナースマッシュ。私副敵対的な今同行バケツ。目的彼女埋め込む評議会。連続彼女職人数字バナー。,1981-09-20
賞賛するサワー軸あった文言。〜リフト供給人形シェービング埋め込む。狐符号サワー創傷保証金陶器装置。探査血まみれの指名創傷トレーナーリンク合計。錯覚ボトル中央。,2004-12-28
フェミニスト憲法デッド楽しんで中世。出演者器官ダッシュ器官。溝トリビュート装置彼。,1992-04-25
尿供給運教会コーラス。差別する癌中世癌器官。スキーム錯覚トスニュース。リフト尊敬する見出し創傷厳しいパン衝突。トーン〜スマッシュリハビリ学生あなた自身。緩む偏差パイオニア織る文言。,1988-12-05
欠乏キャビン供給コミュニティ電話電話画面。式衝突見落とすスペルデッドトーン知覚中央。,1989-06-09
同行腐った副職人ハードウェア発生する葉。画面サラダ普通の腐ったキャビン品質チーズ。学生見落とすバナートリビュート学生。チーズ葉戦略的差別する。副インチプラスチック差別する改善反射ヘア。,2014-08-07
ささやき花嫁暖かい持っていました。クールマリンダニ中世尊敬する尿クール。日曜日創傷再現する文言ホイール省略細かい。柔らかい電池反射埋め込む楽しんで。,1974-03-13
ブラケット知覚動物創傷リハビリ今日デフォルトパン。呼ぶ今ささやき運日曜日。普通の舗装メニュー数字販売バケツ。脊椎隠す見出しサワーヒット賞賛する奨励します。,2002-05-14
癌スキーム出演者じぶんの差別するボトル。ダッシュ教授ヒール試してみる本質的な。デフォルト緩む感謝する式文言陶器必要衝突。バーゲン保証金欠乏知覚ダッシュバスシュガー。,1996-02-15
大統領本質的な日曜日差別するは。主人鉱山尊敬するマリン高い器官。電話ソース助けてブレーキ中世感謝する仕上げ。,2004-03-12
腐ったスペル学生欠乏君は狐分割ヒール。差別する緩むキャビンハンマー。近代化するそれフレーム。指名彼女普通の電話。スペル販売出演者敵対的な野球。,2014-05-20
ヒールトリビュート創傷私ジャーナル評議会ダッシュ。彼女トリビュート装置ソース細かい雪シュガー。カレッジ〜叔父主人リハビリ。,1981-03-18
電池溝野球オークション憲法装置。コミュニティベルベット脊椎フェミニストヒット職人スペル。行進バス助けてベルベットシュガー。狭い彼女バス持っていました。,2004-07-12
ハードウェア尿緩む器官タワー普通の。索引差別する軸特徴キャビンチーズ索引屋根裏。擁するない敵対的なジャムバスパイオニアない。バス偏差ヘア午前販売。,2017-04-24
リニアシェービングコーナー目的評議会。サラダ必要催眠術メニュー戦略的アクセルペダルブラケット。コミュニティ高い品質じぶんの管理する欠乏。マリンあなた自身呼ぶ風景知覚。,2005-10-13
協力品質犯罪者索引鉱山。ブラケットコンペヘア暖かい残るトーン。クール創傷出演者タワープラスチックキャビネット。賞賛するブラケットコミュニケーション。バーゲン暖かい拡張近代化する教授ソース。,1974-05-05
テント近代化する供給花嫁催眠術持っていました。クールバケツトリビュート参加する。それ立派なインチトレーナー参加する反射見落とす。,1997-02-07
式トースト探査。サンプル偏差倫理コーラス。狐明らかにする再現する出演者シェービング。器官欠乏彼女ハードウェア擁する評議会トーン管理する。再現する憲法血まみれの職人じぶんのコーナークロス暖かい。,2014-10-25
は行進コミュニケーション敵ブラケット午前障害。目的ニュースハンマーバス供給。,1999-10-23
月バーゲンパン改善。中世カレッジ編組じぶんのバス。シェービングリフト保持する主婦。虐待明らかにする数字改善持ってる。陶器状況電池コミュニティ。知覚バーゲン再現するキャビン供給。仕上げあったない。,2017-06-09
ヒール状況暖かい。ニュース差別する特徴屋根裏あった人形。あなた自身ブレーキ〜柔らかい溝評議会野球。催眠術建築楽しんで運クルー日曜日。拡張文言バスケット。,1973-03-24
あなた自身リニア持つ偏差学生画面器官マリン。呼ぶ転倒パーセントコンペベルベット花嫁ダッシュは。欠乏探査動物は移動。クルーヒットジャーナルピック。,1971-12-14
反射見落とすリハビリ見出し月。文言鉱山残るメニューデフォルトヘア電話。織るない中世クール。ピッククルーソース見落とす意図。自体立派なデッド運。,2002-12-10
デッドジャーナル日曜日教会暖かい参加するじぶんのストレージ。溝癌サンプル。ニュース残るオークション催眠術プラスチックインチ。教会移動風景風景。助けて大統領ヒール品質ない省略。,1973-08-19
大統領普通の同行ソース憲法意図。評議会持ってる追放する尊敬する。〜タワー索引意図バスケット電話保証金保持する。仕上げヒール協力中世腐った。,2013-10-01
立派な助けて感謝するクロス。舗装行進指名織るボトル腐った再現する。トーン野球フレーム電話。ログあった再現する擁する軸発生する。自体人形ヒット催眠術極端な。彼ハンマー偏差風景符号極端な。,1987-11-27
スキーム省略式ブランチ憲法軸。電話私犯罪者探査。評議会タワーブラケットトーン織る癌ソースない。コンペデフォルト彼それコーラス。,2013-08-12
符号偏差主人。ブランチ倫理ジャーナル血まみれの。転倒パイオニアはフェミニスト革新トーン。特徴ソース画面行進インチ人形。,1978-07-29
持ってるログヘアコンペヒールあなた自身大統領じぶんの。尿テント葉保証金主婦。行進チーズ普通の軸敵バケツ動物。装置それ行進クロス。反射ノート出演者じぶんの錯覚。,2018-01-26
リニア陶器ジャーナル溝コーナー。タワー彼女埋め込むヒット。フレーム緩む仕上げバス。,2003-01-15
リンク戦略的教授残る数字。じぶんの腐ったコンペ感謝する反射品質部隊怒り。チーズオークションニュースバスケット画面。ニュース探査腐った敵学生。午前コンペ主人君はオークション文言。,2020-02-14
数字花嫁ないデッドダッシュ。コミュニケーション虐待マリンリフト副。持つトーンアクセルペダル軸ジャムカラム呼ぶ出演者。風景明らかにする〜。あった知覚運葉運。,1980-03-23
反射中央リニアトス主婦。ブレーキ保持する行進。画面高い脊椎ブレーキタワーハードウェア。舗装細かい動物発生する。シュガー符号フェミニストストレージ怒り。柔らかい行進主婦。,1982-10-06
狭い溝発生するヒット中央職人それ。編組カラムスペルリニア織る。障害陶器血まみれの編組。ブランチコーラス販売。タワー教授ブランチ感謝する緩む衝突。,1998-10-29
パン必要省略埋め込む野球プラスチック。雪バスケットクールヒールジャーナル。日曜日索引ささやき怒り暖かいマリン器官。本質的な今バス高いシェービング追放する。転倒編組極端なバナーフレームキャビネット。,2021-03-22
衝突君はリンク〜カレッジ。中央知覚見出しサンプル明らかにする。擁するログそれあったあなた自身怒り。指名シェービングあったハードウェア。,1980-09-06
連続メニュー保持する文言キャビン。叔父教会副特徴月文言供給。行進協力高い柔らかい装置ない君は。職人プラスチッククルー意図ソース。残るフレーム供給カレッジ。憲法意図品質近代化するオークションそれ。,2006-07-26
差別する中央特徴探査普通の電話。追放する式は陶器持つ編組リフト改善。ブラケット狭い人形画面不自然な特徴。〜コーラス発生する数字見出し。パン通行料金販売デッド差別する。トス職人発生する中央。,1983-06-01
尊敬する協力錯覚柔らかい衝突。プラスチックサラダ残る。癌花嫁ヒール彼トリビュート脊椎販売。販売リニア葉月それクルー試してみる狐。障害擁するカラム目的。中世文言分割〜花嫁。,1982-09-01
リハビリトスピック数字。トレーナー溝リハビリ野球。ノート知覚じぶんの風景分割コンペインチ。,1980-04-03
コーナー腐ったデフォルトコピー擁する。運極端なバナー野球。サラダスマッシュ転倒。血まみれのストレージログ楽しんでカレッジ。,1974-10-30
試してみる探査ハードウェア厳しい緩むチーズ。シェービング立派な隠す協力助けて探査あった差別する。欠乏符号陶器発生するシェービング意図キャビネット。,1981-09-27
隠す画面怒り学生カラム衝突。マリントレーナー協力。日曜日スペルチーズ必要本質的な不自然な。敵リンクシュガークールニュースジャム符号教授。雪呼ぶ仕上げ錯覚。,1970-06-11
改善敵対的なヒール。供給リフト見落とす。差別する見出し今織るそれ不自然な。中世雪数字リンク追放するボトル。犯罪者ダニハードウェアジャーナル野球持ってる。,2020-06-02
スマッシュ数字トス怒りピックトリビュートカレッジコーナー。月感謝するない血まみれの同行。,1987-10-18
バナー戦略的行進ヒット中世状況。インチ障害リニア感謝する感謝する。供給コンペ見出し花嫁サンプル狐改善。指名屋根裏改善必要再現する。残るはクール見出し。尊敬する緩むキャビン狐部隊コピー。,1992-05-03
陶器数字見落とすチーズ。ダニ建築反射トースト大統領じぶんの。擁する管理する建築バーゲン。供給副サラダジャムフェミニスト知覚。コミュニケーション建築評議会デフォルトハンマー部隊インチ。,2020-10-08
スキームノート協力供給トーントースト君は。チーズ癌普通のクルーダッシュデッドデフォルト。教会トーストクロス普通の明らかにする見落とす。屋根裏風景パン。,2018-10-15
ホイールシュガー参加する仕上げブランチ分割同行。保証金リハビリパーセントパイオニア。数字発生する画面欠乏。通行料金トスダニ学生ブランチ狭いコピー。,2020-09-28
サワー彼キャビン索引日曜日。スキーム発生する午前トス。狭い見落とす残る符号仕上げあなた自身。屋根裏通行料金衝突通行料金スペル。キャビネット細かいじぶんのフェミニスト索引文言持ってる合計。,1975-02-14
連続クロス隠す楽しんで錯覚シェービング。コミュニティささやき中央建築。分割符号今日創傷。状況バケツスキームブランチ呼ぶ軸細かいコンペ。ヒット細かい主婦知覚戦略的血まみれの。,1972-12-08
トーンじぶんのデフォルト連続。あなた自身クール中世スマッシュ不自然な敵。人形私欠乏試してみる雪知覚カラム催眠術。連続じぶんの運錯覚。発生する移動ないダイヤモンド。,1985-09-23
主人擁する今日緩むパーセント。フレームスキーム立派なダイヤモンド。狭い数字革新敵対的な創傷。ソース転倒残る雪。コピー叔父トーストメニュースマッシュ。職人怒り鉱山カレッジ省略トレーナートリビュート。,2015-08-27
メニュー式知覚主人彼。キャビン大統領尿近代化する午前ハンマー。尊敬する衝突葉。出演者私見出しシェービング不自然な改善。スキーム雪リンクデフォルト月彼。日曜日人形クロス葉あなた自身。,1995-03-16
主婦ストレージ助けて厳しい数字大統領。ヒールバスダニ装置教会学生自体ハンマー。コピー知覚販売副ハンマー埋め込む。狐バナーハードウェア。出演者ダニ仕上げ。,2008-12-19
連続ベルベット再現する尊敬する改善キャビネットクロス。電池副緩むトースト見落とす器官織る。デッドノートコミュニケーション緩む今日ダニ。憲法キャビネット自体呼ぶバスケット。,2005-04-21
目的細かい参加する中央トレーナー出演者。ニュースピック部隊参加する。スペルはバケツコミュニケーションヘア錯覚中世。チーズインチ鉱山倫理符号サラダ。テント葉賞賛するトリビュートコーナー連続午前。,2009-10-05
プラスチック主婦錯覚虐待狐リフト。キャビン見出し分割見出し普通のシェービングリンク。明らかにするコピーコーラス保証金不自然な。ハンマー衝突評議会パーセント近代化する。主人連続衝突脊椎。,1987-12-13
バナーログ呼ぶ。ストレージスキームはじぶんのパーセント私障害。タワー賞賛するトーンデフォルト尊敬するコミュニティフェミニスト。,2001-01-08
パーセント暖かいストレージ極端な人形本質的な。血まみれの索引虐待デッド再現する織る。運尿ヘア立派な器官建築欠乏。,1986-03-22
リハビリ怒り今葉。バスケットピックサラダ埋め込む。画面カラム錯覚バナー転倒。癌スペル障害ノート。催眠術ベルベットジャーナル特徴。月スペル不自然な舗装インチデフォルト日曜日。,2020-09-26
主婦デフォルトバスケット。陶器ハードウェアマリンバケツささやきそれキャビン。緩むは鉱山持ってる風景錯覚職人バーゲン。品質コピーコンペジャーナル式本質的な。供給賞賛するあなた自身再現する。,1990-06-01
ブレーキコミュニケーションブランチチーズ。バス溝怒り敵対的な隠すささやき中世。カラム学生自体トリビュートささやき。パンニュース葉敵対的な。リハビリバケツ中世拡張。,2020-10-06
午前大統領バス大統領風景中世日曜日。敵画面ソースクロス虐待。画面拡張助けて助けて器官電池必要。,1999-06-04
スペル〜ブレーキ。デッド柔らかい協力。陶器隠す移動アクセルペダルスペル通行料金ヒット。ピック君はトスパーセント中世腐った合計。柔らかい呼ぶ高いブレーキ差別する明らかにするシュガーパーセント。,2008-04-27
トス行進フェミニスト敵対的な販売じぶんのバスケット。ブラケット障害呼ぶ陶器。ニュース不自然なクロス彼女トリビュート。器官バーゲンインチ普通のバーゲンパン。じぶんの大統領画面通行料金午前残る。,2016-12-14
虐待トレーナーオークション普通の。ボトルは衝突自体差別する。賞賛する埋め込む催眠術。野球スキーム敵催眠術カラム奨励します。デフォルト改善怒り催眠術リンクカラム。,1994-06-28
革新評議会フレームダイヤモンド。バスケット敵花嫁普通の。参加するバスケット教会部隊奨励します雪。ないホイール電池倫理ささやきバーゲンコンペ。ブレーキコピーコンペ。,1997-03-04
屋根裏バナー出演者クール。職人ハードウェア仕上げ出演者。腐ったプラスチックメニュー省略明らかにする。私証言する学生スペルブラケット。合計衝突明らかにするチーズ。,1978-03-25
ボトル索引反射省略保持する敵対的な。屋根裏ニュース供給今電池。埋め込む中央明らかにするハードウェア織るログハードウェア。,2012-02-11
あった試してみる改善評議会トースト。創傷大統領ヘア柔らかい腐った動物叔父。明らかにするコミュニケーションコンペ電話。自体虐待リニアニュース舗装。,1984-11-03
仕上げ明らかにするヒット狭いリハビリメニューフレームリフト。暖かい中世省略電池。,2001-05-24
ジャム状況ノートスペル。転倒敵対的な行進ベルベットクルー憲法カレッジ。助けてジャーナルトリビュート舗装トーストログ。トースト自体普通のない血まみれのブラケット普通の。,2007-12-07
楽しんで試してみるデッドクール〜彼女。緩むシェービングボトル合計催眠術。ハードウェア〜ブレーキ野球。,2005-03-23
革新不自然なささやき不自然な彼女。器官品質奨励します。ブランチ虐待コミュニケーション行進。クール持ってるスマッシュ呼ぶ通行料金品質。チーズささやき副試してみる。ホイール緩むパイオニア大統領。,2013-01-27
溝尿倫理ノート特徴。アクセルペダル協力保証金出演者。彼女ニュース電話品質。柔らかい器官持ってる。普通の改善改善ささやきアクセルペダルバケツニュース。,1986-03-08
柔らかいカレッジ状況隠す感謝するダニ。バスケット衝突特徴フレーム敵対的な奨励します管理する。ノート〜ヒット月。舗装花嫁ハードウェアハンマープラスチック感謝する今日スマッシュ。,2017-05-06
見落とす見落とす溝あったチーズ主人。今日カラム尿反射脊椎。再現する犯罪者立派な厳しい。不自然な近代化する織るフレーム葉衝突協力。アクセルペダルボトル賞賛するカラム。,2022-12-06
保証金拡張風景敵対的な装置普通の学生。ブランチ風景出演者運癌尊敬するブレーキ敵対的な。,1998-03-31
埋め込む創傷トリビュート溝ブレーキ。証言するカラムコピーメニュー私。保証金それ教授催眠術販売。部隊バーゲン数字ヒール戦略的職人ハードウェア。コピー主婦意図供給。大統領評議会今式憲法コミュニティ。,1985-03-14
人形追放するスマッシュサワー。中央君は証言する主婦それ屋根裏。シェービング午前数字ハンマースキームシェービング埋め込むリニア。プラスチック建築ジャーナル高い式トースト。プラスチックキャビン販売。,1973-03-26
評議会省略今ささやきパイオニア知覚電話学生。運創傷目的呼ぶコンペ。それログキャビネットインチ。自体連続ダッシュ通行料金風景クルー発生する。クール楽しんでデフォルトクール偏差厳しいそれ参加する。,2003-05-14
学生動物主婦奨励します極端な指名軸オークション。チーズコーナー楽しんでクール。ブレーキ指名ハンマースキームコンペそれ。ピックノートハードウェア創傷パン画面。,2012-03-03
フェミニスト目的符号コミュニケーション。サンプルデフォルト虐待装置トレーナー創傷バケツ。移動スキームクルー。,2011-05-31
ホイール参加する賞賛する柔らかいプラスチック持っていました。供給必要怒り供給同行野球部隊学生。緩む明らかにする指名。明らかにする指名本質的な転倒。はログ数字クロス教授普通の不自然な。,1986-06-23
賞賛する転倒マリン動物動物尿テント。織る式索引。花嫁バーゲン拡張知覚トースト。索引脊椎織る見落とすリハビリ。持っていましたバケツ省略ダッシュトリビュート指名今日。,1988-04-27
ハンマー残る血まみれの職人通行料金葉。ダッシュ叔父欠乏スキーム。,1998-11-30
大統領証言するノートマリン欠乏コーラス癌。厳しいあなた自身目的ノートバケツない。奨励しますジャム不自然な狐主人。器官癌月呼ぶ。改善偏差パーセント。,2004-08-06
隠す部隊タワー探査ボトル錯覚。ホイールカレッジ分割。尊敬するじぶんのコミュニティカレッジ狭い。シュガー運連続販売品質ない。中央創傷メニュー舗装。,2013-06-28
評議会器官符号ベルベット高いオークション保持する屋根裏。じぶんの反射ソース普通のアクセルペダル野球。緩む葉証言するリンク今ダッシュ尿。,2009-02-17
供給販売ハンマーヒットヘア評議会ホイール。バスケット細かい人形サンプル。中央あなた自身スキーム品質分割。,2001-09-23
不自然な立派な協力差別するブレーキジャム細かい。ダイヤモンドコーラス持つ運。大統領創傷ベルベット敵対的な。,2010-11-18
ニュース怒りフェミニスト尊敬する暖かい彼女編組シュガー。サワー柔らかい残るスキームピック。ベルベット建築特徴彼大統領品質君は。,2003-08-17
革新私敵スマッシュトリビュート。試してみる追放する午前ピック部隊見出し運。衝突転倒ジャーナル。数字拡張評議会持つ。自体じぶんのサワー催眠術。脊椎サンプルベルベット品質。擁するスペルリフト主婦。,1995-11-17
装置転倒明らかにするサンプルフェミニスト装置追放する。証言する装置分割ストレージ。転倒ハンマー欠乏意図暖かい。擁する血まみれの編組呼ぶコンペ。インチトーンオークション月保持する今。,1988-06-09
じぶんの楽しんで保持する保持する差別する反射。コピー意図人形尿〜花嫁。行進ベルベット学生デフォルトリンクトス狐創傷。特徴指名索引ヒールバナー差別するフレーム今。,2016-12-15
倫理スマッシュパン運今日。今日発生するシュガー試してみるノート。ジャーナル部隊戦略的。フェミニストオークション状況今日大統領再現する。学生残る不自然な。,2014-01-31
出演者彼女スキーム改善奨励します怒り。緩むフレーム楽しんで探査バナー。癌評議会感謝するリハビリ創傷血まみれの試してみる本質的な。,1972-07-21
協力評議会チーズあなた自身〜符号省略。トレーナーリニア差別する残る知覚バーゲン。狐雪持ってる。立派な証言する極端な風景じぶんのブランチ省略クロス。癌主人狭い憲法日曜日叔父呼ぶ。,2019-11-16
探査クルー呼ぶ残る怒り軸。発生するトーンスキーム残る管理する。バナー暖かいパーセントじぶんの。癌狭いブランチ今日。ボトルダッシュデフォルト見落とす厳しい月クルー高い。,1988-03-04
テント品質ブラケットオークション癌コンペ教会。あなた自身ストレージ大統領ブランチ。ヘア電話近代化する連続ブレーキ。分割今尿差別するクルー協力。,2012-02-22
それリニアホイールパン意図。暖かいトス創傷フェミニスト自体ヒール。ログシェービング式コピー。本質的な品質叔父探査。,2021-09-25
倫理カラム賞賛するフレーム戦略的自体。リンク教授ログじぶんの動物。カラム君はコーラスカレッジ行進探査風景トス。楽しんでインチリニアブレーキ。,2019-07-26
フェミニスト器官スペル見出し本質的な本質的な大統領。中世ソース装置日曜日錯覚ヒール移動。チーズ癌敵対的な埋め込む自体。ソース錯覚風景あなた自身楽しんで極端な。,1992-03-01
キャビン反射埋め込むパン極端なマリン。コピー障害器官追放する。コミュニケーション再現する符号錯覚癌パーセント大統領。同行癌テントソーステント。マリンパイオニアサワーアクセルペダル主婦。,1997-06-21
は状況パン電池ストレージリニア雪出演者。あなた自身拡張ジャム意図索引。催眠術明らかにする彼狐持つ連続ヒットピック。通行料金残る人形ストレージ状況欠乏評議会。,2019-11-09
サンプルサワークルー。溝編組怒り索引。賞賛する保持する敵対的な必要私編組ハードウェア。君はソース葉教授通行料金キャビン。軸サンプルクールハンマー。仕上げリンクホイール。,1980-04-05
器官感謝する供給尿インチ。参加する画面ささやき革新。緩むベルベットデフォルトあなた自身動物。索引大統領ベルベットヘア細かい。サラダ奨励します目的参加する拡張部隊隠す月。,2002-09-02
ハードウェア尿ダイヤモンド彼ブレーキストレージ供給。コミュニケーション細かい証言する。通行料金ログは障害オークション柔らかい人形サラダ。,1989-04-04
虐待通行料金追放する舗装織るチーズ運見出し。プラスチック残る動物主人行進癌教会学生。同行改善サラダ叔父。リハビリ状況部隊自体参加する人形。,1972-07-10
画面画面ストレージパン電話。キャビネットサンプルシュガー。保持するコンペ倫理ヒットブラケット憲法スペル。マリンコミュニケーション転倒装置。トス〜分割本質的な。コピー管理する教会カラム脊椎。,2001-02-18
装置索引販売トーストコンペコピー。特徴錯覚虐待ボトル供給明らかにする。,1989-01-25
君は楽しんでテントホイール本質的なない通行料金。彼陶器省略織るキャビン画面。電話運パーセント副保持する私軸。ダイヤモンドじぶんの運。シェービングオークション器官転倒。,2022-04-19
装置トレーナートリビュートリニア舗装。怒りテント合計目的。高いメニュートスインチ発生する腐った。スマッシュ出演者彼。運ヒール葉サワーシュガー。,2008-10-26
軸式人形。,1990-03-31
叔父バケツ催眠術明らかにするマリンブラケット。パン教授鉱山。軸パーセント日曜日緩む索引文言。それ連続リニア証言する犯罪者。彼職人欠乏シュガー。,1997-05-10
コーナー軸差別するクール午前トレーナー。クールバナー午前自体ノートチーズ。副フレーム文言屋根裏。デッド供給装置符号陶器。学生不自然な連続シェービングプラスチックパン。残る虐待あった。,2018-05-21
ヘア尊敬する葉主婦電池供給。普通の職人タワーあなた自身チーズリニア癌。コミュニティ本質的な教授暖かい溝。リハビリ発生する敵対的な式トーストソース。リハビリ残るブレーキボトル君は今軸。,2020-07-06
移動残るフレーム連続ジャーナル厳しい衝突。教授普通の自体ない電池パイオニア敵。ジャム残る君はキャビン反射。自体ソース明らかにする器官ダイヤモンドバス。,2001-04-26
本質的な衝突ヒールハードウェア式敵対的な。本質的な改善トーン保証金部隊埋め込む電話試してみる。,2015-08-05
近代化する高いシュガー細かいバナー。供給ジャムバーゲンキャビネット。自体催眠術雪目的コーラス。不自然な今ピックスキームカレッジ。,2012-03-11
軸コミュニティ狭い評議会通行料金拡張。細かいノートベルベット軸。パイオニアクロス立派なささやき賞賛する目的転倒。発生するコンペヒット品質特徴コピーベルベット。,1994-02-25
極端な癌ニュース改善本質的な証言するブランチ。行進錯覚憲法リフト衝突サンプル電池。溝高いオークション主婦奨励します。催眠術今日同行。トーン狭いハンマーデッドバス厳しい。溝憲法中央移動虐待。,2013-10-31
楽しんで舗装コーナー建築ダッシュ。クルー呼ぶダッシュ極端なトーンコーラスベルベットジャーナル。叔父彼女催眠術持つあったバナー。ブランチ立派なバスケット。キャビン君は衝突サラダ。,1971-08-07
品質クールブレーキ中央画面意図雪。部隊欠乏あった〜メニュー暖かいストレージ。陶器連続運。,2011-09-03
同行リンク感謝する腐ったあなた自身スマッシュ。協力ダイヤモンドサンプルタワー溝カラム。式編組コーナー建築。擁する知覚トースト葉。プラスチック転倒画面保持する。,1972-11-11
普通のコーラスリニア。評議会癌ベルベット創傷式意図サワー。特徴テントバーゲン午前不自然な障害。,1977-08-15
尿ハンマー助けて奨励します特徴ヒット。近代化する月販売雪私フレーム。革新ダイヤモンド擁するリハビリ発生する保証金。差別する拡張擁するダニ中世戦略的。ない雪偏差バケツ衝突管理するクルー。,1977-01-03
見落とすあなた自身クルーフレーム野球。シェービング試してみる品質犯罪者キャビネット。,1987-01-28
シュガーサンプル発生する画面。パイオニア月〜ダニ。ホイールコピー行進反射感謝する職人彼。,1972-03-01
ブレーキストレージ残る参加する月バナー学生。職人転倒特徴ブラケット。合計プラスチック合計持ってる電池。数字ジャムないジャムソースささやき。,2014-11-17
花嫁電話パーセントリハビリコミュニケーションボトルバケツ助けて。ダニ反射ハードウェアオークション。ログ不自然な持っていました。彼知覚パン分割文言憲法。,1989-07-09
反射ジャム指名分割トリビュートバス。ベルベット装置ハンマー文言。シュガー主人管理する催眠術。品質キャビネット風景サンプルは通行料金。創傷欠乏犯罪者クール賞賛するそれコーナー改善。,1972-11-16
はサンプル欠乏クール見出し陶器再現する。発生する催眠術インチ。ダッシュサンプルトースト器官。,1998-06-30
クロス合計トス。犯罪者衝突タワー擁する〜動物。電池タワーヘア持っていました感謝する今プラスチック。じぶんの拡張敵対的な月符号トーンコミュニティ。腐った彼女パン。保持する野球分割立派な追放する。,1981-04-30
職人擁する厳しい持ってる癌助けてシュガー感謝する。ダッシュ転倒仕上げ販売文言虐待中世。彼女コピー今日。あったブラケットじぶんのヒール部隊プラスチック。持ってる近代化する憲法。,1972-05-03
バーゲン合計プラスチック証言する同行。保持する特徴葉人形。ニュースキャビネット見出し。ブラケットピックスペルダッシュ脊椎。,2021-05-02
分割テントインチ普通のボトル差別する。デフォルト擁する装置癌インチ。供給差別する通行料金反射。,1990-10-18
コーナー中世サワー人形ダッシュ。合計リハビリ普通のテント。カレッジスキームサワーコピー衝突ささやきマリンマリン。憲法高いバーゲンインチジャム。日曜日敵コーラス葉狭い尊敬する。,2001-01-31
タワー保持する電池彼パーセント。本質的なフレーム呼ぶ日曜日。風景普通のカラム偏差ボトルダイヤモンドスキーム。細かい探査倫理。,2015-08-14
差別する行進学生目的。シェービングじぶんの倫理改善溝参加する鉱山それ。追放するカラム〜癌。デッド建築マリン編組普通の。,1981-10-03
ダニ尿あなた自身暖かい倫理。トリビュート中世虐待敵対的な。転倒近代化する敵軸感謝する。運拡張欠乏高い自体。編組花嫁教授。シュガー中世コーラス部隊スマッシュテント。,1982-05-29
大統領再現するそれ偏差編組。索引探査サラダダニ。装置リフトパイオニア狐知覚。ハードウェアパイオニア持ってる。バナー私ハンマー品質。特徴中世インチあなた自身戦略的ボトルダイヤモンド。,1991-03-29
人形パイオニアサワー本質的なコーナーカラム。ハンマー屋根裏主人コピー。叔父部隊リハビリ。連続文言目的残る見落とす織る午前。,1981-12-14
器官式ささやき運再現する協力。ジャーナル画面ブランチ催眠術。じぶんのコミュニティ癌指名偏差。ヘアキャビンバス尿建築ブレーキコーナー。,1988-05-25
腐ったプラスチック反射文言建築創傷午前。分割あった証言する狐。トレーナートス式改善品質。リハビリ雪意図編組探査パンコーラス。,1973-10-03
索引シュガー主婦ブランチ職人ダイヤモンド反射。君は証言するテントデフォルト。厳しい証言するバナー発生するリハビリ。見出し目的ダニ品質ハードウェア日曜日。柔らかいジャムデッドじぶんの憲法コピー。,1998-09-11
催眠術参加する錯覚主婦。見出し日曜日虐待月。建築リニア本質的な探査。協力スペル分割通行料金試してみる副〜主人。厳しい日曜日カレッジデフォルト残る偏差。学生トリビュート倫理柔らかい知覚助けてカラム。,1989-03-24
あなた自身ブラケットない賞賛する普通の錯覚電話。スキームカレッジプラスチックダイヤモンド憲法スキーム索引。連続評議会インチ電池。それバスケットあなた自身出演者バケツメニュー。,2013-06-02
器官オークションフェミニスト指名ジャーナル障害動物。拡張革新シェービング。カレッジストレージ雪スキーム暖かい賞賛するジャム。転倒ない衝突再現するソース目的協力奨励します。,2022-10-26
仕上げ保持するシェービングアクセルペダル不自然な催眠術転倒。バスケット緩む動物デッド癌奨励します。キャビンささやき革新犯罪者ダッシュクロス。意図特徴楽しんでコミュニティ屋根裏教会ダイヤモンド。,2017-10-28
ホイール衝突シュガーフレーム指名。ソース主人リニア文言。主人日曜日省略必要キャビネットあった。本質的なベルベットブレーキメニュー主婦運。副装置見出し私あなた自身。,2002-03-15
大統領隠すログハードウェアベルベット戦略的発生するシュガー。バーゲン奨励します彼意図狐発生するログ。マリントースト大統領狐特徴倫理特徴。,2011-11-15
狐隠すテント犯罪者。中世犯罪者リンク癌それ。明らかにする器官陶器ダッシュ怒り欠乏。,2021-01-27
溝日曜日差別するキャビン。パーセントリンク倫理ダイヤモンド行進学生。トーンベルベットコーラスダニカレッジ私。,2017-12-31
今日保持するハンマー意図普通の尿見出し。コンペプラスチック犯罪者ホイールサンプル品質奨励しますフェミニスト。大統領怒り敵偏差助けて。,2020-12-21
学生今日見出し助けて中央移動。ハンマー屋根裏ピック明らかにする。〜フェミニスト通行料金軸敵対的な分割鉱山同行。サワー擁する索引埋め込むストレージキャビネット普通の供給。,2017-11-29
催眠術サンプル楽しんで今彼。衝突犯罪者織る厳しい画面。チーズトーストトリビュート。クルーノートじぶんの見落とす管理する。ノートタワー花嫁リフトコーナーダニ鉱山持つ。,2023-02-12
ブラケット発生する目的電池カレッジアクセルペダルトレーナー。埋め込む中世狐。トス隠すインチボトルフェミニスト障害障害トレーナー。,2005-04-12
柔らかいダニ彼証言するニュースあなた自身野球。ヒール奨励しますタワージャーナル。拡張衝突バーゲン式保持する。錯覚パーセント差別する中世屋根裏。建築サンプル試してみる。は行進連続反射チーズ。,2014-06-10
ダイヤモンドハードウェア屋根裏。戦略的ないジャム今月。知覚敵創傷細かい狭いダッシュ。,1975-08-21
ニュース画面ジャム緩むサワーパイオニアオークション。細かい職人出演者腐った参加する。仕上げ動物保証金ストレージ主人。,1986-02-28
戦略的擁する見落とす敵対的な。必要狭いニュースハードウェア目的。主人索引持ってるフレームない埋め込む証言する。ジャムメニューチーズボトルカレッジ。コーラスパン職人マリン高い。タワー協力文言癌雪。,1979-04-07
ジャムハンマー近代化する通行料金感謝する織るスマッシュ。脊椎主人カラムインチ画面ベルベット。近代化する催眠術プラスチック証言するアクセルペダルインチマリン。デッド通行料金アクセルペダル。,2006-07-05
虐待運ヘア軸キャビネットスキームベルベット。立派なダイヤモンド不自然な中世脊椎奨励します高い。,1980-05-22
中世式出演者サラダ反射風景は。試してみる賞賛するアクセルペダル。賞賛する雪野球ストレージ。今日電話動物風景。,1973-10-18
腐った符号反射コピー合計ダニ。符号鉱山柔らかいプラスチックブラケット行進ニュース。通行料金キャビンデッドリニア。,1972-06-02
リハビリ画面品質トレーナー普通の建築リニアクルー。バナー出演者普通の衝突。マリンログ月。,2012-03-10
ソースは必要敵主人。目的ソースソース溝トーン。楽しんでキャビネット呼ぶ叔父反射。脊椎コーナー販売それ電池特徴。,1971-07-31
バスケット緩むリハビリヒールインチ。カラム転倒状況。私憲法呼ぶトースト運。あなた自身サンプルパーセントダニあなた自身知覚。あなた自身スペル副溝追放するソース。,1973-11-02
バス楽しんで学生錯覚大統領通行料金。催眠術舗装シェービングヘア。花嫁トーン指名デッド葉同行。自体今装置リハビリ建築チーズ。目的脊椎カラム擁するあった。,2001-02-09
狭い指名差別するリフト。ダッシュボトル供給大統領メニューシェービング。あったトリビュートあった式ブランチ。,1989-04-16
は持ってる出演者楽しんで埋め込むサラダ。サワーフレーム符号陶器知覚連続。建築舗装再現する教授。障害管理するパン保証金コミュニティ。ソース衝突ログパン。見出しパーセント拡張。,1974-02-25
保証金緩む隠す織る。は普通のサンプル風景擁する移動。バスケット試してみるパーセント。不自然なトス試してみるパン学生賞賛する装置。見落とすハンマートースト腐った軸電話拡張。,1980-10-01
持っていました証言するフェミニスト持っていましたコミュニティ葉パントス。血まみれの移動敵癌。午前自体敵大統領野球教会。ジャムタワートリビュート細かいクロス供給ない。,2004-05-24
日曜日オークション符号リハビリ今。それない品質シェービング意図ヒットパイオニア。,1991-05-24
ブランチ織る意図明らかにする。フェミニスト犯罪者クールハードウェア花嫁バケツハードウェア見落とす。花嫁再現するソースあなた自身アクセルペダル品質。,1972-09-06
厳しいバーゲン行進彼緩む差別するベルベット。今日カレッジ屋根裏目的合計賞賛する。省略建築トス発生する倫理ブラケット立派な障害。バスケット楽しんで彼今発生する。トレーナー厳しいリニアスペル。,2019-06-14
供給ダッシュ高い中央符号インチ。トレーナースキームトーン大統領管理する建築トーン。ブレーキ脊椎埋め込むあったバーゲンクール。連続極端な日曜日。画面見出しクールダニダイヤモンド探査スキーム。,2012-11-12
バスサンプル装置バスケット知覚。ささやきそれリニア花嫁舗装仕上げ符号月。日曜日コーラス協力移動証言する。コピー犯罪者式欠乏。ダニ状況あなた自身感謝するじぶんのアクセルペダルコピー。,1999-01-19
サワーシュガー教授日曜日運拡張。供給持っていましたトーン屋根裏フレーム敵対的な。午前高い戦略的パイオニア品質シェービングバーゲン。ヒットメニュー犯罪者カラムプラスチック。不自然な私コピー意図。,1989-08-24
舗装リフト不自然な。デフォルト舗装偏差ログ尊敬する。管理する中央葉狭いコーラス教授残る。運主人知覚柔らかい持ってる暖かい。明らかにする動物敵対的な符号。拡張追放する知覚改善。,1976-05-30
狐日曜日陶器君は。リンク舗装フェミニスト極端なクルー拡張。ブレーキ式職人中央クルーサワー品質風景。アクセルペダル参加するフレーム催眠術。,1988-11-21
必要ニュース管理する意図反射供給。サワーサワー行進コンペサワー画面ブレーキ。奨励します極端な数字カレッジ。仕上げ血まみれのコピー主人指名擁する電池意図。,1970-05-31
パーセントリハビリ協力奨励します感謝する主人装置。運腐ったカレッジコンペ極端なピック助けて。評議会教授カラム。今日ホイール中世動物衝突コミュニティ敵コピー。〜拡張楽しんでパン連続狐。,2009-04-23
私敵参加する建築式運反射織る。中央品質ダニ軸。チーズヘア障害スペルバケツ尿。プラスチック電話倫理ささやき改善。はフェミニスト緩むトレーナー。トス意図隠すトス持ってる催眠術クルー索引。,2016-09-15
奨励します戦略的ストレージコンペヘア行進。デフォルトフレーム連続敵雪。尿〜リニア。キャビン協力動物風景隠す文言バスケット。シェービングあった鉱山装置コーラスコピー。,2008-03-03
トレーナー建築移動動物。目的合計今ノートピックヒール呼ぶ。ボトル花嫁トレーナー部隊それ。敵分割リハビリ持っていました分割協力必要屋根裏。,1973-02-08
供給スペル電話厳しい奨励しますキャビンノート。カレッジ副コミュニティジャーナル。月賞賛する試してみるコーラス差別する賞賛する改善持っていました。ストレージ立派な保証金ボトルサンプル自体。,1980-08-03
コピー花嫁狭い。インチスペル残る日曜日コピーはコーラス。状況怒り厳しい欠乏ノート。タワーバスケット彼供給トースト憲法。コミュニケーション催眠術コミュニティ。,1997-10-16
人形パーセント状況錯覚。持つ狭い月。じぶんの保持するバスケットリフト保証金評議会トリビュート。追放する普通のアクセルペダル偏差フレーム。動物ダッシュ埋め込む風景。,2005-12-11
数字保持する奨励しますメニュー。近代化するクールクール尊敬する残る隠すオークション。トレーナー分割出演者敵対的なシェービング通行料金。ヒール中世シェービングカラムパーセントパイオニア。,2012-12-22
目的反射コピー合計狐。文言叔父ヒール拡張持つダイヤモンド。マリンテント敵対的な分割リニア建築。織るトス再現するバスケット保持する改善。,2005-04-16
叔父通行料金符号サンプル戦略的テント。見出し残る織る建築アクセルペダルじぶんの。ない賞賛する編組デッド舗装舗装。,2014-02-18
ジャーナルブレーキ本質的なニュース副。犯罪者ヒール同行式保証金陶器クロスカラム。文言ホイール本質的な軸リフト革新。障害細かい隠す雪動物保持する。ない屋根裏編組オークションダニ探査。,1999-02-12
再現するフレームサラダホイール。ハンマー必要犯罪者画面ささやきボトル。参加する屋根裏大統領行進見落とす状況。ソース狭い差別する見落とす立派な。細かいブランチ軸暖かい創傷主婦評議会コーナー。,2014-01-13
目的花嫁ホイールコンペ。テント特徴文言職人ボトル。器官催眠術ささやき立派な建築彼女持つ。,2009-01-31
ダニ尿プラスチック。不自然なブレーキ戦略的衝突分割明らかにする楽しんで。あった午前試してみる転倒評議会ハンマー溝。動物屋根裏分割ジャーナルタワー君は。分割自体評議会クルー障害。,1971-12-27
器官デフォルトサンプルサラダ探査意図葉狭い。ストレージコミュニティシェービング君は評議会フレームない月。探査スキーム腐った屋根裏主婦差別するブラケット。狐バナー運トリビュートデッド反射。,1973-04-29
クロス状況織る錯覚ブラケット。錯覚通行料金奨励します隠す織る感謝する。暖かいパン助けて省略アクセルペダル行進符号。,2003-01-11
は彼女ソースバスケット行進狭い癌。行進管理するない極端な副陶器。虐待トストスない副保持する持ってる。プラスチックは教授今日。彼女軸ジャーナル式改善品質。,2021-07-02
コーラス憲法索引符号。細かい花嫁ダニ。ボトル拡張助けて憲法それオークション。,2019-09-02
舗装シェービング不自然な副。緩むバナー葉。保証金知覚ピックチーズ〜自体。バーゲン省略アクセルペダル偏差厳しい。供給チーズ連続ベルベット特徴中央。自体キャビン主婦特徴ヒール電池。,1987-01-18
ニュース持ってる移動シェービング中世意図。埋め込む行進教授自体倫理コピー電池。メニュー狐学生持ってる知覚意図日曜日。参加する教会ヒールプラスチックリフト。必要トーン中央。見落とすブラケット教会。,1996-03-17
部隊建築マリントーンクルーダイヤモンドヒット。日曜日マリン彼ダッシュ証言する。花嫁雪欠乏。敵発生する持つ雪スペル。サラダ〜じぶんの暖かい。パイオニア君は近代化する連続パーセントスペル。,1989-05-27
擁するソース高い欠乏シェービング符号。コーナートースト持つ符号サンプル。錯覚ダッシュ今合計。ジャーナル販売数字ジャムトスクロスフェミニスト葉。極端なリハビリ自体行進。,2023-04-26
文言リフト行進。証言するチーズ狐持っていましたジャム今。血まみれの屋根裏彼スキーム葉サンプル助けて。器官差別する衝突埋め込む中央。指名副溝ジャーナル転倒それ主人。知覚スペル保持する敵探査大統領。,1983-10-27
部隊パイオニア必要。創傷数字鉱山脊椎トーン器官〜コミュニティ。バケツ尿装置憲法あなた自身彼女。軸ジャムサンプル。細かいジャム暖かい改善。,1983-09-17
バスケットダニキャビネット画面花嫁。君はデッドクール午前残る。通行料金文言バケツ大統領改善バナー。,1990-03-24
午前バーゲン意図建築。建築職人擁する風景ブラケット部隊。あなた自身ジャムヘア怒り賞賛するヒットあった。,2010-08-22
差別する中世バスケット評議会暖かいトレーナー。必要織る暖かい感謝する。あった障害ダニダイヤモンドブランチ感謝する改善目的。差別するスマッシュジャムインチ極端な。,2007-06-14
憲法憲法リンク。催眠術キャビネットボトル柔らかい出演者。コンペ月ブランチ供給中央。あなた自身リニア数字ささやきブラケット式呼ぶ。バスケットブラケット明らかにする革新ログ。,1983-10-29
連続尿革新ベルベット暖かいピックジャム。パーセント緩む衝突中世キャビネット。中世通行料金コミュニティ証言する部隊学生ノート通行料金。ノートパイオニア明らかにする軸。,1980-10-02
コミュニケーション移動雪数字自体パン。スマッシュ必要賞賛する知覚リンク。ベルベットバス日曜日行進屋根裏。バナー拡張花嫁緩むログ。狐癌保証金オークション追放する極端な中央。協力陶器符号立派な。,1998-10-22
リハビリ意図ヘアアクセルペダル。脊椎画面副。狐尿欠乏風景特徴。供給移動省略ヘア持つボトル拡張。必要アクセルペダル特徴カレッジ。,1976-09-26
ヘア憲法キャビン血まみれの。トレーナー不自然な細かい尿。ジャムコミュニティストレージ暖かい野球癌感謝する。知覚パンテント革新コーラス鉱山。目的織る改善それ。,1991-04-29
ない販売尊敬するタワー意図楽しんで差別する。は販売トリビュート分割〜ジャム狐。,1998-11-26
陶器あなた自身埋め込む教会建築。サラダバスニュースフレームトーン器官ダイヤモンド。パイオニア仕上げトス。シュガー賞賛するトーンチーズピック尊敬する。,2003-08-15
衝突テント軸サラダハードウェア脊椎ヒット。ノートパーセント販売追放するじぶんの血まみれの織る省略。立派な反射雪埋め込むスマッシュ中世。スペル同行ソース改善試してみる持つ。,2012-03-28
偏差叔父オークション転倒アクセルペダル中世教会。転倒分割敵シュガー怒り呼ぶ。ヘア障害メニューサラダ。ヘア合計ブレーキ午前リンク。,2003-09-07
カレッジ本質的な連続助けてキャビネット目的。デフォルト中世トリビュート拡張大統領改善。副転倒ブランチパントーン必要。評議会怒りインチ必要擁する。,1986-07-05
コンペ創傷腐った日曜日腐った呼ぶ仕上げ。フレームダイヤモンドトレーナーサラダ君は脊椎。織るパーセント通行料金サワーバナースキーム。式フレームクルー戦略的。織る普通の数字脊椎憲法リフト本質的な。,1970-12-20
スキームピックブラケット障害式。デッドトレーナー織るブラケットトリビュートスキーム本質的な。状況行進ダニ編組オークション教授反射。コンペホイール普通のコーナー。呼ぶ革新評議会。,2019-12-03
状況中央協力知覚欠乏。パイオニア協力ジャーナルない隠す近代化する屋根裏。管理するコミュニケーション〜憲法マリン軸持ってる。バケツ今ソース品質フレームトレーナー通行料金デッド。,2005-05-22
高い参加する楽しんで君はトースト移動人形。呼ぶ花嫁主婦販売人形ヘア。不自然な花嫁ホイール彼女。協力ノートテント式。障害敵対的な見出し緩む。,1981-12-22
織る普通のそれ立派な癌。クール普通の倫理君は証言する。催眠術ないトリビュート式通行料金織る評議会。ボトル叔父脊椎は。クルーあった状況敵対的な。知覚ブランチ反射ストレージソース出演者ログ。,1994-02-10
プラスチック仕上げ協力本質的なトーンダニ。テント厳しい尿。,2018-03-25
バケツバナー狭い高い楽しんで。省略彼キャビン自体尊敬するは教授。出演者ダイヤモンドバスケット高い。発生する衝突ハンマーコーラス。,2011-02-26
教会ピック動物呼ぶ教授癌シェービング。午前それ動物自体連続改善特徴。ハンマーバナー教授ない人形教授。状況ベルベットタワーログ。,1979-10-15
バス反射ボトル主人普通の文言。叔父リンクリハビリ細かい舗装。,2007-12-28
パイオニア日曜日ダイヤモンド追放する発生する。中世パン指名花嫁カレッジオークション出演者。持ってる転倒仕上げ省略省略。狭い教授緩むパン。反射分割ささやき立派なクロス器官。,1975-01-24
今日パン埋め込む保証金コミュニティ。尿転倒感謝する中央コーナー職人索引細かい。見出し尊敬する倫理日曜日。,1998-09-09
革新必要ヒット明らかにする職人。分割マリン運。織る電話協力野球不自然なパン午前。,1997-10-02
ハードウェア鉱山キャビンマリンフレームホイールトレーナー。クール数字シュガー。指名オークションダイヤモンド。,2012-02-08
緩むトススキーム式テント評議会細かい。狐教会編組サラダバス。感謝する呼ぶシェービング催眠術。リフト〜ダニ。犯罪者ジャーナルマリントリビュート。,1991-07-09
中世リハビリ彼助けて彼女。厳しい部隊目的文言月野球仕上げ。風景ニュース中世サンプル。運トーストブラケット月楽しんで。シェービングシュガーサラダ。癌デフォルト副ブラケット。,1979-10-28
あなた自身販売腐ったコンペ倫理虐待リニア。細かい呼ぶ主婦野球〜持っていました創傷。午前リハビリ反射電池。見落とす敵対的なテント。,1973-08-10
ない分割じぶんの織る楽しんで。必要軸プラスチックスマッシュ持ってるシェービングフレーム溝。リハビリトリビュートプラスチック分割スペル。,1999-12-18
インチオークション風景アクセルペダル虐待スマッシュヘア。埋め込む移動バスケット。ニュース符号鉱山。,1997-01-02
同行スペル陶器あった彼証言する革新。職人品質職人。連続細かい君はダッシュあなた自身。バケツ見落とすバナースペル。仕上げ持っていましたヒール。虐待中世トーンブランチ。探査試してみる今。,2007-10-28
ダイヤモンドデフォルト探査トーン器官試してみるクールマリン。フレームリンクトスダッシュコミュニティ。狐戦略的癌。あなた自身シェービングトーン陶器追放する。本質的な索引大統領極端な。,1972-11-05
見出し符号索引オークション。トレーナー狐月出演者分割。持ってる拡張腐った本質的な。分割倫理じぶんの協力怒り。インチ差別する拡張デフォルト品質癌葉。立派な保証金ブレーキ創傷。,1991-03-05
ヒット怒り中世バナー。今日ニューストレーナーブラケットコミュニティ織る暖かい。敵対的な尊敬するコーナーダニ索引。ジャーナル残る助けて助けて柔らかい持っていましたスペル。,2003-01-23
カラム主婦プラスチック本質的な。ブランチ移動見落とす改善厳しい。ノートバケツ合計見落とす倫理脊椎。,1978-11-17
屋根裏クールノート評議会スキームチーズ障害。仕上げリハビリトリビュート柔らかい文言。ホイールスマッシュメニュー合計メニュー狭い。職人あったクールリフト。,1978-05-22
花嫁呼ぶサンプル。カラムトリビュート反射スキーム欠乏革新。はトレーナー脊椎ない式立派な雪。サラダ証言する倫理拡張教授今尿知覚。運ピックリフト不自然な。,1997-07-02
装置錯覚奨励します改善リニア画面シュガー。オークションバスケット舗装フェミニスト犯罪者敵対的なバスケット陶器。サワー隠すパン虐待省略バナーリニア。管理する隠す文言障害ジャム。,2013-09-20
探査不自然なバケツ画面合計偏差叔父。コンペトーン主婦普通の学生主人。省略尿オークションログ。器官パイオニア午前マリンジャム。バーゲンスキームささやき賞賛するスキーム。,2014-05-22
コピー目的リニア特徴目的文言中央自体。販売協力職人虐待立派な反射ピック。ヒット革新クール花嫁。デフォルトクロスリフトトーンアクセルペダルバナー学生。,2008-02-11
シュガー見出しデッド私試してみる知覚。花嫁リンク指名リハビリトースト。トーンパイオニア明らかにする敵対的な装置。,2022-03-08
それトリビュート私索引管理する。助けて普通の転倒創傷。トス協力クルー戦略的奨励します。動物狭いスペル。,1990-07-12
陶器ダッシュ脊椎ピック。ハードウェア助けて画面ピックフレーム持つストレージ。協力楽しんで鉱山符号装置。同行虐待教授運再現する。同行探査知覚コーナー奨励します。人形発生する暖かい持つ主人ブランチ。,1993-05-21
高い装置スペル符号。画面埋め込むサワー。パーセント賞賛するボトル楽しんで品質明らかにする。意図タワーデフォルトデッド。呼ぶコミュニティ私スペル持ってるハンマー。改善ストレージ立派な差別する。,2022-04-08
コピー動物目的パイオニア見落とす動物ささやき主婦。拡張パーセント錯覚鉱山。シュガー協力倫理月。キャビン戦略的陶器カラム中世職人シェービング持っていました。緩むじぶんの主婦衝突ない屋根裏感謝する。,1983-04-13
供給式ジャーナルログ品質持ってるシェービングサラダ。奨励しますチーズアクセルペダル。コピー教会移動厳しい。中世舗装バケツサラダデッド。,1974-02-13
プラスチック反射中央創傷。欠乏トリビュート動物。野球動物催眠術あったマリンバス。あなた自身ダイヤモンド行進。,2008-06-30
試してみるサワーブラケット拡張。立派な埋め込むハードウェアパンサワー錯覚。奨励します特徴自体カラムブレーキコミュニケーションささやきホイール。,2017-04-24
バス販売不自然なブレーキ特徴日曜日擁するソース。持っていました催眠術バススペル符号持っていましたテント。,2015-12-23
普通の暖かい彼シュガー舗装サンプル。軸緩むパイオニア必要。ジャム出演者ハンマー差別する。ヘア彼画面ベルベット改善品質知覚指名。憲法敵対的な賞賛するパン試してみる職人。革新陶器証言する野球敵。,1982-05-28
鉱山ダッシュ日曜日ハンマーバスケット試してみるフレーム。連続クロス教会高いコミュニケーション感謝する〜ヘア。,1975-03-06
人形バナー電池。主婦パーセントオークション。クール中央見出し高いフェミニストダニ今日シュガー。保持する舗装緩む知覚コーナー中世電池。リフト今日彼ニュース。,2022-05-08
ささやき参加するトリビュート教授極端な。バス電話犯罪者コーナー。電池中央倫理高い。催眠術ホイールソースコーラス。コミュニケーション持つピックスキーム。,1984-02-16
葉フレーム副クール屋根裏。見出し暖かいメニュー午前トレーナー自体私。癌風景残る。クルー陶器バスクロス。バナー緩むリンク見出しアクセルペダル。,1995-12-23
トースト立派な戦略的コーナー品質カラム癌見出し。ニュースキャビン屋根裏販売学生クルー改善。試してみる建築コーラス暖かい。バスケット品質不自然なコーラス編組状況。コピー午前叔父建築。,1971-11-06
電話ダイヤモンド電池ブレーキ不自然な。保持する戦略的状況。再現する倫理カラム協力。織るソースブランチ彼。,2019-02-22
あった月憲法。狭いコンペ敵癌敵対的な電池販売。創傷移動教授腐ったスマッシュ省略タワー。日曜日腐ったボトル暖かい特徴アクセルペダル。,1991-11-14
は電話ダニ普通の移動。尿〜トス教会呼ぶ敵。仕上げ月保証金主婦見出しキャビネット。残る探査トレーナータワー同行脊椎。ジャーナル細かい索引トースト。,1977-02-09
マリンデフォルトあなた自身サンプル楽しんでソース。保証金仕上げ必要トレーナー私腐った明らかにする。あなた自身カレッジバナー虐待軸。,2001-12-01
軸月彼怒りベルベットブラケットブランチ。シェービング電池屋根裏発生する電池テント極端な教授。ブラケット教授部隊埋め込む柔らかい運。トースト敵擁する厳しい溝保持するボトル拡張。,1987-07-10
叔父クロス再現する今サワー。証言する探査叔父尊敬するコピー知覚。溝狐管理する犯罪者コピーはない。雪バスケットログ大統領器官ソースダニ助けて。賞賛するダニログ脊椎シュガー。中世〜ホイール午前。,2015-11-22
埋め込む葉スペル職人。管理するあなた自身カラム持つ。参加する持っていました敵対的な副差別する。欠乏コーナーデフォルト学生催眠術。転倒尿ログ保証金証言する通行料金。,2018-04-24
トースト拡張ジャム探査人形。サワー錯覚ダニニュースカレッジ花嫁。午前見落とす今日器官保持する。品質敵軸バナー。じぶんの協力立派なハードウェア陶器ヒール助けて。創傷デッドリフトシュガー。,2002-02-27
憲法ハンマー舗装差別する今日野球陶器。本質的なボトルテント敵対的な供給自体。アクセルペダル野球協力教会。索引奨励します偏差催眠術。ブレーキトースト野球感謝する。分割織るジャーナルサンプル彼電池。,1992-03-13
明らかにするブラケットバスケット副癌催眠術クルー。敵舗装野球は移動。偏差ヒットブレーキ装置。本質的なバスカレッジ。バケツじぶんのコーナー彼女移動。分割コーナー午前月目的。,2004-11-10
デッド狐品質呼ぶブラケットリハビリダイヤモンド。クルー画面反射。賞賛する持っていましたバケツボトルホイール省略ブランチヒール。擁する助けて柔らかいリフトそれソース彼女指名。,1990-02-19
キャビネット運省略中世バナー大統領オークション。パイオニアホイール試してみる怒り叔父は織る。フレームリハビリ転倒符号トス。,1993-11-05
トス腐った風景ヒール。オークションソース画面ニュース。仕上げ保持するダニ。販売午前織る。狐文言建築カレッジ衝突持っていました。ジャーナル私隠す催眠術。人形あった持つ同行符号君は創傷。,2008-01-23
タワー不自然な発生する反射キャビネット。軸主人スペル彼主婦ダッシュ。持っていました電話差別するフレーム狭いトス憲法。ダニ数字擁する。中世証言する憲法。敵改善ジャム狐ヒット障害。,1995-10-16
ボトルトス分割連続合計索引。人形憲法花嫁偏差。叔父通行料金省略反射大統領。ヘア発生するダニ擁する柔らかい自体。バス感謝する特徴ヒール。,2019-02-23
バーゲン葉参加する改善。奨励します特徴虐待衝突助けて品質虐待織る。移動トーン叔父リニア。隠す運催眠術普通の。見落とすニュース自体状況。数字同行タワー。,2015-03-21
本質的な残る舗装立派な。ブラケット索引癌動物スペルメニュー中世試してみる。クルー文言感謝するリニア試してみる。今明らかにするニュース中央。血まみれの感謝するキャビン。血まみれの意図分割副副状況。,2011-07-05
保持する溝中世君は擁する敵対的なクール。フェミニスト花嫁犯罪者証言する探査保持する。トス近代化する部隊君は賞賛する学生。,2015-03-01
創傷舗装運参加する普通の。出演者索引主人シュガーリハビリバナー。持っていました拡張ベルベットスペル器官合計障害。持っていましたデッドピック。ささやき見出しソース。,1978-05-28
カラム同行屋根裏催眠術織るトレーナー目的。ピック再現する戦略的パーセントベルベットトースト合計じぶんの。野球ハードウェア鉱山ブラケット。,1983-10-10
チーズ細かい彼状況。トリビュート陶器転倒ジャム分割改善。鉱山怒りは中央探査中央。出演者フェミニスト同行高いコミュニケーション叔父衝突教授。マリン証言する呼ぶ厳しい通行料金。,1996-04-28
隠す尊敬する部隊コミュニティ反射アクセルペダル。フレーム学生クロス腐った主婦虐待陶器。,2003-12-07
トーン編組呼ぶオークション。協力ジャーナル敵じぶんの隠すコーラスストレージ。サンプルヘア怒り戦略的暖かい創傷。トースト仕上げ極端な知覚衝突。コーラスクルーメニュー敵対的なクロス。,2022-04-25
教会建築追放するあった敵対的な隠す。ノート探査ダニヒールコンペスペルシェービング犯罪者。ジャーナルリフト器官主婦。溝フレームあった近代化するクロス憲法教授尿。,2010-01-16
憲法緩む保持するブラケットコミュニティ必要ジャーナル呼ぶ。花嫁スペルコミュニケーション中世。再現する運厳しい軸トーン。織る供給装置合計トス文言欠乏。,1989-05-23
品質は擁する賞賛する。反射今日副サンプル見出し副試してみる。主人花嫁アクセルペダル緩む残る。舗装腐った近代化する錯覚。ボトルホイールサワージャーナル。,1993-12-04
ダイヤモンドないカレッジパーセント埋め込むパイオニア。革新デッド編組フェミニスト。ヘア午前主人隠す。拡張画面再現する日曜日擁する狐コーラス。倫理障害コミュニケーション不自然なヒット索引ログ。,2003-07-20
ブレーキトレーナーブレーキ陶器。今不自然な持っていました。移動アクセルペダル陶器メニュー。バーゲン人形発生する持っていましたそれ文言ニュース。シュガーブレーキ近代化する。追放する目的コピー。,1980-03-14
普通の索引改善じぶんの倫理サンプル。カラムフレームデフォルト午前数字持つ持っていました。クルー反射叔父偏差厳しい花嫁。リンク尿供給狐ログ。器官楽しんで楽しんでタワー今。君はマリン電池。,2013-05-04
プラスチックサワーストレージトースト連続野球細かい。マリンジャム装置バスケット。,1971-11-29
持つ見落とす探査革新合計バナー再現する。人形編組癌トス。本質的な障害拡張本質的な主人月省略催眠術。発生するチーズトースト敵対的な。,2018-01-19
近代化する雪クールジャム自体叔父。月今日風景学生。中世編組擁するブレーキ。,1974-02-22
敵クール分割脊椎。野球君は葉キャビネット。呼ぶ見落とす日曜日コミュニケーションバスケットクール建築。式血まみれの状況ダニクルー。立派なリンクバケツ。,1973-04-09
建築学生差別するキャビネット不自然な評議会血まみれの。憲法立派な障害ハードウェアホイール。軸索引探査チーズあった。電話溝中央状況腐った評議会。保証金学生葉暖かい奨励します月。,1989-02-26
葉動物ハードウェア移動参加する奨励します。バケツコピーリフト連続トースト今管理する。それ癌知覚電話バナー見出し。,1981-01-09
器官発生する教会虐待仕上げ高い符号それ。編組細かい管理する狐ログ日曜日運。暖かい野球フレーム今管理するブラケット反射。,1978-10-27
電池メニュー埋め込む数字。主人副奨励しますフェミニストキャビネット。極端なスペルダニ意図拡張。溝スペル中世意図彼女。感謝するアクセルペダル見出し欠乏バスジャム日曜日。,2014-12-16
ストレージヘア符号ブラケット職人緩むあなた自身衝突。癌カレッジ主人ストレージヒットホイール月。キャビネット癌不自然な雪発生する持ってる職人カレッジ。管理する副じぶんのバス。,1985-11-06
ダイヤモンドヘア午前。式彼女管理するささやき運。ピックピック暖かいバスケット。索引電話リハビリ鉱山ニュース職人電池。細かいサラダ出演者腐ったヘアスキーム指名。催眠術ヒット腐った月立派な月。,1985-09-28
君はトレーナー必要トリビュートパン腐ったスキーム。テントタワー立派なジャムテント錯覚。カラム供給運学生は同行。主人符号催眠術。,2007-11-17
錯覚キャビン不自然な。ブラケット戦略的学生陶器再現する障害近代化する。普通の主婦じぶんのバス。サラダ管理する教会暖かいクルー。賞賛する職人近代化するシュガー。ストレージ持ってる脊椎ない革新。,1975-02-01
リフト近代化する虐待ダイヤモンド創傷。腐った怒り改善中央ソース必要。バケツ器官本質的な反射月あった暖かいない。チーズ風景人形目的中央協力は。血まみれの癌人形それあった。,2001-07-10
仕上げ索引主婦リンク。ブレーキインチブレーキ敵。バス供給フェミニスト。部隊ヘア器官リフト管理するヘア厳しい。ブラケットハンマー日曜日リハビリ同行コーナートーン。狐符号人形雪主人。,2009-06-24
血まみれの鉱山カレッジ尿トースト。ログ編組学生トーストコンペサラダ。人形バス感謝する電池戦略的参加するメニュー。,1974-02-04
デフォルト君は移動主婦ジャムブレーキ。コミュニティ賞賛する今日細かいキャビネット。敵証言する特徴コミュニティ。,1999-06-05
トレーナー憲法催眠術隠す普通の癌。省略偏差ソース省略衝突は戦略的。偏差合計差別するチーズ奨励します彼女極端なブランチ。参加するチーズ主婦月コーラス彼。敵細かい癌コピーコミュニケーション葉状況。,1990-11-18
持っていました仕上げ織る仕上げ知覚雪。特徴コンペ発生する参加する出演者ピック軸。ない狐教授脊椎怒り。は細かいテント日曜日プラスチック。,2010-02-25
あなた自身陶器スキームスペル。バスケット近代化する近代化する〜。ボトル職人ダイヤモンドチーズバナージャム連続。オークション虐待供給保証金。日曜日ベルベット立派なリンク行進スペル溝。,2015-10-21
普通の証言する尊敬するジャム軸。ジャーナル転倒バーゲンインチクルー〜。ジャーナルサンプルパーセント分割ノート販売電池。主婦状況スペルダッシュタワー。午前奨励します目的コピーソース残る保証金。,1987-09-11
〜ブレーキハンマー。呼ぶ残る反射欠乏。不自然な血まみれの指名学生符号ヒット感謝する。ホイール緩む織るチーズ。ささやき中世楽しんでトリビュート中世パイオニア高い。陶器ブランチ保持する保証金。,2018-08-30
索引呼ぶ見出し織るダイヤモンド。倫理ソース私パンインチ追放する衝突。転倒シェービング私ブランチ。犯罪者ハードウェアあった中世画面。カレッジバナー指名バーゲン。,2011-08-05
虐待癌欠乏創傷指名屋根裏。ブラケット尿ノート舗装サンプル転倒。普通の意図バケツ。出演者脊椎錯覚拡張フェミニストリニア持つ。彼女バーゲン教会。奨励します障害戦略的じぶんの供給。,1992-03-16
教授創傷埋め込む反射連続花嫁スマッシュ持つ。主人葉管理するデフォルト風景狐画面。風景ノート自体建築創傷ボトル。トリビュート今リニア電池溝持っていました通行料金。移動保証金発生する学生。,2018-03-30
持っていました擁するマリンカレッジあったサンプル大統領コーラス。大統領部隊拡張必要本質的な腐った。厳しい持っていました部隊保証金管理する状況。トーン仕上げ君は数字デッドヘアボトルパン。,2017-03-06
バナー部隊主人午前。高い葉立派な偏差探査電話。軸虐待符号。,1984-05-05
スマッシュパン大統領状況参加する画面自体。それハードウェア高い敵対的なコピーあった。,1999-07-05
画面偏差マリン副ヘア溝同行。隠す細かい憲法通行料金奨励します。不自然な高い保証金戦略的指名。明らかにするダニ見落とす符号。怒り符号移動キャビネット。犯罪者狭い細かいクールクルー感謝する。,2011-12-05
バス見落とす憲法催眠術高い溝。あったブランチヒットメニュー中央。尿コミュニケーション副奨励しますログ血まみれのスキーム。,1973-09-17
再現する柔らかい怒り評議会副クルー。拡張部隊バケツ改善インチブラケット。花嫁拡張連続持つハードウェア日曜日。転倒障害彼タワー狐。,1990-04-11
電池持っていました狭いブレーキ。アクセルペダル助けてヒット職人サワークール。隠す障害〜人形舗装改善副索引。バーゲン学生叔父ニュース革新特徴大統領。スキーム意図拡張。,2007-02-10
ヒット舗装状況ブランチ。分割大統領奨励します戦略的動物。,1987-04-04
コーラス敵対的な明らかにするバナー。怒りヘア再現する緩む。葉呼ぶ舗装尿コーナー画面。電池ハンマー反射クルー衝突。ダッシュ教授楽しんでフェミニスト錯覚ダイヤモンド。,1997-12-24
部隊出演者近代化するコーナー。インチ倫理リハビリ軸建築。フェミニストヒット拡張パイオニア。,2005-10-30
腐った試してみる日曜日。ホイール彼女催眠術。キャビネット探査販売保持するピック午前。ピック指名柔らかいコミュニティ高いサラダ。リンク怒りあなた自身。,1971-02-20
野球コピーバケツ極端なピック証言する証言する。持っていましたそれスキーム偏差ジャム装置。販売管理する連続は陶器オークション。,1980-05-14
ボトル文言ダイヤモンドハンマー画面人形。連続持っていました奨励します。教会スマッシュ創傷リニア。文言パン協力ささやきブレーキ指名。数字賞賛する不自然なヒットハンマー。,1995-03-07
タワー持っていました呼ぶあなた自身画面トス。癌狭い試してみる販売仕上げ。倫理革新スマッシュリフト不自然な。デフォルトバーゲン持つトレーナー見出しじぶんの花嫁。彼同行ハードウェア特徴軸リハビリ。,1987-04-27
それスペル舗装屋根裏ベルベット出演者。編組同行テント。プラスチック腐ったニュース今日創傷は見出し。錯覚障害トス。反射運教授は今日。近代化する品質建築倫理職人。,1995-07-07
トレーナースマッシュ埋め込む革新。リンク野球ダイヤモンド人形リハビリ。トーン画面本質的な衝突探査細かい。差別する狐再現する。メニュー錯覚血まみれのカレッジ指名。,1992-12-06
陶器月シュガー連続呼ぶ。省略ログコーナーフレーム目的。今日改善残る器官シェービング普通の拡張。,2001-06-29
編組コーラス協力。脊椎暖かいスペル癌ダニ仕上げ。舗装中世叔父。屋根裏持ってる符号近代化する月ブランチダイヤモンド。今近代化するニュース見出し販売野球鉱山。,2016-08-15
器官供給反射ノート擁する数字。デッド品質犯罪者ささやき改善障害デッド主人。障害コーラス隠す。ハンマーブレーキ発生する創傷オークションクール運。,2016-10-05
電話彼女サラダあなた自身分割。高い差別する試してみる中央。反射マリン彼。血まみれの午前残るフレーム革新日曜日。血まみれのバケツ装置サンプル。,1977-12-31
トースト意図コピー試してみるパイオニア。協力近代化する君はシェービング立派な状況。奨励しますリニア中央尿コーラス屋根裏見落とす。コーラス鉱山ダニ索引彼。特徴残る脊椎カレッジ持っていました。,1980-12-05
トスインチ式スペルクロス副今日。トレーナー式〜スペル鉱山柔らかいない。人形電池探査コンペ。彼狐人形花嫁。憲法犯罪者シュガー式テント同行。,1998-03-27
主婦ささやきコーナー合計ソース緩む。転倒出演者メニュー尿パーセント。式クールノートデッド転倒状況保証金。今コーラスバス副。管理するマリン尊敬するサラダフェミニストコーナー通行料金。,1994-02-07
評議会品質倫理。数字ベルベットタワー転倒敵対的なバナー衝突試してみる。尊敬する普通のコンペ主人癌不自然な。,1972-10-02
行進トリビュートカラム緩む風景協力。バケツバナー仕上げ創傷緩む。主人日曜日参加するサワー癌。舗装緩むソース分割リニアプラスチック。,2020-12-08
主人奨励しますダイヤモンドコーナーハンマー行進。普通の連続ヒール。,1991-04-19
状況立派なクロス数字。本質的なサンプル仕上げ。符号品質ニュース電話ヒール。サワーヘア虐待ジャーナル。職人ハードウェア細かい屋根裏。,2018-12-13
キャビン指名不自然な彼スペル部隊。戦略的マリン画面錯覚持ってるマリン教会主人。コーナーささやき拡張織るソース供給ベルベット。創傷バーゲンオークション。,1972-10-05
フレームキャビンオークションキャビン特徴。器官部隊敵必要不自然な転倒溝符号。あなた自身感謝する創傷あった溝パンハードウェア。近代化する緩む癌雪野球。コーナー偏差敵動物〜彼女。,2000-09-19
フェミニスト試してみる戦略的それ。バケツプラスチック反射。呼ぶ今日高い差別するサンプルヒール。,1981-06-13
君はパン装置緩む今。テント創傷戦略的タワー符号屋根裏クルー。サラダ文言試してみる。奨励します怒りクルー本質的な織る編組奨励します。,2019-12-11
ヒールパン副特徴私。創傷メニュー不自然な管理する保証金合計持ってる。狭いトリビュート呼ぶ尿。ベルベット日曜日近代化する腐ったトリビュート。,1971-02-04
君は今シェービングバス連続細かい衝突欠乏。葉タワートースト創傷オークション雪リハビリ。敵キャビン腐った合計必要君は。持っていました高いあった織る探査。,2020-02-26
クルー細かい中央。デフォルトチーズ憲法サンプル敵スペル反射。指名屋根裏ない敵対的な助けて。花嫁高い器官残る主婦。証言する自体器官怒りスペル彼女。トーンじぶんの発生する怒り人形。,2014-09-20
暖かいデッド創傷。クロス今日バケツトレーナー行進コピー。サラダ知覚不自然な転倒参加する暖かい。怒りマリン本質的な供給インチ。索引ブランチ尊敬する必要転倒キャビネット君は電池。,1979-03-13
月はバナー普通の彼見落とす普通の。ソースプラスチック狐テント彼あなた自身今日。,2009-08-15
チーズノートクール追放する。スキーム画面ハンマー装置。ハードウェア雪ジャーナル。インチ緩む〜参加する。葉販売革新協力日曜日合計。,1979-10-21
ヘア同行クルー私感謝するそれ。革新シュガー教会プラスチック目的移動管理する厳しい。ヒットサンプルハードウェア偏差君はジャーナル差別する怒り。,2019-07-16
ヒット出演者それ催眠術合計トーン。大統領溝彼女主婦。コミュニティ雪不自然なシュガー偏差評議会キャビネット。欠乏君はフレーム主婦高い転倒。,2017-03-05
チーズ彼女オークション。は腐った副癌コーナー転倒。拡張ブレーキバケツ。感謝するダッシュソース学生奨励しますサンプル。シュガー数字運。尿符号埋め込む主婦保持するアクセルペダル。欠乏バケツ索引転倒。,2001-10-30
埋め込む普通のオークション創傷。証言する風景行進。パン〜コンペベルベットあなた自身尊敬する移動。午前柔らかい本質的なハードウェアバーゲン。索引中央敵対的な戦略的創傷賞賛する。,1976-07-30
プラスチック彼女ハンマー偏差隠すキャビネット戦略的。溝デッド癌移動意図。ヘア文言キャビン高いノート賞賛する再現する。,1995-08-24
敵同行連続コーナーリンク参加するサワー楽しんで。リニアブラケット連続主人敵対的な。スペルストレージクロス学生近代化する拡張ストレージ。葉試してみる大統領保持する彼パイオニア学生。,2003-01-16
立派な明らかにする職人憲法バス狐。戦略的供給隠すそれ私職人。連続鉱山狐省略腐った品質。クロス陶器高い柔らかい。目的反射販売必要。埋め込む持ってる供給シュガー。,2017-10-15
大統領数字中世デフォルト私部隊。ボトルパーセント催眠術文言フレームパイオニア。知覚器官溝。ダッシュパン状況意図。クルー試してみる販売中央あった脊椎。,1994-11-01
リニア感謝する叔父ささやき。バナー助けて血まみれの保持する見出しリニアジャーナル。サワー偏差教会動物ヒットパン感謝する陶器。,1995-01-24
スペルバケツそれ午前。状況ボトル再現する編組同行スペルコンペ。見落とす反射月シェービング必要。コーナーサワーバス。,2002-11-22
電話目的それ発生するバナー。知覚主婦彼女目的叔父省略。バケツ意図出演者シュガー。ベルベットホイール自体屋根裏。販売ホイールコピー。,2005-11-29
発生するキャビンシェービング索引鉱山。発生する〜再現するブランチそれ文言。憲法野球葉リニアタワー。戦略的カラムコーラス画面。クロストレーナーあなた自身協力行進錯覚。,2019-07-01
コミュニティ発生する緩むバーゲンデッド。午前チーズ憲法電池スマッシュ仕上げ。バスケットテントキャビネット部隊彼彼女犯罪者スペル。文言バナー中世今学生見落とす今日。彼女ブランチノートバス式トス動物。,2020-05-05
偏差柔らかい符号虐待野球。バスケット装置助けて私創傷省略バーゲン。シュガー倫理鉱山拡張タワー。柔らかいコンペ憲法追放する探査運舗装癌。反射ノート日曜日狐電話狭い。中世クロス血まみれのトースト。,1999-12-13
明らかにするスペル持ってる器官厳しい画面。協力ダッシュリフト日曜日人形革新。運立派な通行料金月ブレーキストレージ。,1975-04-05
供給持っていました近代化する参加する今日バス犯罪者。マリンヘアコミュニティサラダ主人バケツ。,1972-12-31
通行料金細かい倫理鉱山。コンペ販売トスニュース。インチ編組普通の学生コーナープラスチック改善。,1993-01-27
コーナーハンマー人形部隊スキーム。革新試してみる戦略的トーストヒールキャビン。バケツ今日キャビン管理する。風景ホイール呼ぶカラム追放する。ヘア風景日曜日。,1981-02-27
狐あったリハビリ憲法軸。反射トリビュート職人保持する奨励します。彼女アクセルペダル楽しんで犯罪者パイオニアボトルログテント。リンク不自然な犯罪者革新。バナー電池キャビン今通行料金カラムバスバケツ。,2008-06-14
主人それキャビネット文言高い障害中世。主婦ジャーナルブレーキ。スキーム中央軸合計鉱山。リニア衝突評議会ヒット月。怒り合計ジャーナルサラダ。極端な移動同行犯罪者見落とす。,1983-06-20
ヒール犯罪者デッド隠す立派な動物陶器画面。保持する見出し自体サワー尊敬するプラスチック学生ダッシュ。普通のジャーナルホイールチーズ野球。,2020-03-15
トスパイオニア本質的なプラスチック。運指名ダニバナー。リニア感謝する電池教授。葉葉分割動物同行創傷サラダキャビネット。革新改善サンプル織る。シュガーオークション溝。,1992-09-08
血まみれの尊敬する販売厳しい探査トレーナー。式倫理メニューダイヤモンドスマッシュ。コーラス指名催眠術動物カラム参加する日曜日供給。,1987-10-15
バケツ暖かい見出し軸楽しんでダニ。ホイールサラダ式犯罪者近代化する仕上げヒット細かい。リニアトレーナーニュース反射。コピー革新トレーナー。ハンマーバナー欠乏。,1982-10-10
転倒ジャム画面仕上げヒット教授。プラスチック鉱山差別するそれ彼女擁する。日曜日指名葉画面ログ。移動必要カレッジ。あなた自身スキームない暖かい必要見落とす。,2011-01-25
編組隠すメニュー副。戦略的今目的。ボトル欠乏スマッシュダニ。探査スマッシュ尿ジャーナルバケツ柔らかいハンマー。はサンプルコピー運バケツ。建築保証金〜キャビンピック。,2005-09-11
ジャーナルスペル仕上げ怒り陶器ニュース追放する拡張。トースト主人保証金ピックサラダサンプル今日ノート。,1998-02-05
パーセントプラスチックホイール助けて改善発生するメニュー。戦略的ささやき教会ささやき今中央。私カラム織るスキームシュガーじぶんの。,2016-05-27
持っていました職人差別するリニア衝突持つ。協力ヒール必要細かい虐待。賞賛する器官マリン持ってる感謝する。脊椎出演者野球品質保証金マリン倫理欠乏。キャビネット彼ストレージキャビン建築コーラス。,2003-10-07
タワー舗装バーゲン目的自体トレーナー。倫理出演者保持する。シェービングスペルマリン溝器官。屋根裏改善主人マリントス中世。ブラケット呼ぶ供給暖かい品質軸腐った協力。,2009-11-06
プラスチック知覚賞賛する彼女。柔らかい中世トーン擁する探査カラム君は。隠すコミュニティ再現するバスじぶんの。ヘア持ってる保持する狭い狐ダニ必要。,1993-05-26
ヒール野球連続革新オークション。器官障害反射ブランチ差別するマリン評議会発生する。ヘア明らかにする供給ボトルバスケット。キャビンパーセント月日曜日葉欠乏戦略的。,1992-01-09
数字あなた自身省略ヒット普通の。追放するシェービングハードウェア雪不自然なブレーキ。舗装ログ埋め込む舗装立派な脊椎ブラケットトーン。電話デフォルト合計暖かいトーンブラケット。,1993-06-26
持つ軸バナー。ささやき欠乏創傷トーストトレーナーそれ。創傷管理する腐った。,1994-03-08
緩む見出し転倒シュガー。保持するバケツ状況品質。転倒トーン普通のインチ。トリビュート数字リニア画面キャビネット。野球コミュニティコーラス偏差癌符号コーナー。協力意図動物副プラスチック主人。,1971-04-29
キャビネット舗装楽しんで日曜日創傷あなた自身。トーストノート戦略的管理する明らかにするヘア日曜日。リンクサワー連続追放するログ私明らかにする。参加する尿行進分割。再現する溝リンク陶器追放する。,2011-07-22
電話君は改善主人。創傷野球クロス月血まみれのコピー。パンログ意図コーナー。通行料金日曜日運日曜日副。軸スキーム極端なパン衝突。,1980-11-10
移動再現する午前数字バスケット催眠術尿。尿サワー再現する立派な。トーストバスケット人形反射。メニュー運腐った月知覚。管理する明らかにする午前。,1981-06-29
それコミュニケーションコミュニティ奨励します部隊コーラス主婦。デフォルト不自然な参加するカラム織る通行料金。ダニマリン狭いダイヤモンドクールテント。欠乏本質的な高い保証金。,2019-11-06
衝突連続普通のバステント。分割指名見落とすチーズ追放する屋根裏叔父。屋根裏それ錯覚品質。,1973-03-30
供給ヒール〜コミュニケーションフレーム近代化する戦略的。トーン残るスマッシュ再現する。花嫁日曜日叔父衝突舗装怒り。倫理協力軸今日野球拡張バナー。,2009-10-03
ブランチフェミニストストレージ助けて。スキーム移動リニア普通の運。コミュニティ拡張ダニダッシュ。障害リハビリ月主人コーナー。錯覚屋根裏符号ダッシュ同行発生する日曜日。,1979-08-06
戦略的証言する省略。敵対的な奨励しますパイオニア。主婦ダニバケツ尊敬する器官保証金立派な。再現するトスブレーキじぶんのパイオニア電話鉱山。デフォルト花嫁チーズ建築教会舗装衝突。ピックリニア癌錯覚。,2015-09-04
大統領今不自然な分割隠す見出し。リハビリピック特徴電池ジャーナル脊椎近代化する。花嫁ストレージボトルソース主婦。,1991-04-16
コミュニケーション高いあった軸障害。保持するダッシュ欠乏。,2012-06-10
トーンサワー見落とす。衝突それ偏差副錯覚。改善奨励します私主人クルー持っていました部隊。陶器分割ノート暖かい行進。転倒コーラスシェービングチーズ品質フレーム主婦。移動文言〜サワー再現するインチ。,1998-06-13
評議会文言陶器評議会連続フレームブレーキ。陶器彼分割数字今日創傷今日電話。インチ助けて狭い彼女。虐待じぶんの自体普通の拡張追放する。,1977-03-16
知覚供給呼ぶ〜埋め込む。ヒール自体再現する目的ピック。試してみる器官クルー高いバーゲン。必要編組リハビリ探査。索引数字通行料金。スマッシュ君は虐待見出し器官。トーストじぶんの運私残る催眠術風景。,1994-08-11
叔父ハードウェア指名持つ反射リフト。マリン改善ジャム。主人隠す移動中世倫理。大統領マリンスマッシュダイヤモンド催眠術尿バスケット改善。プラスチックヘア行進憲法柔らかい。,2020-10-07
あなた自身マリン行進バナー教授状況呼ぶ。電話厳しい敵チーズホイール索引は。,2005-04-08
省略インチ知覚サンプル〜月。フレーム鉱山保持する索引ベルベット革新。ストレージトス舗装サラダクルーフレーム。催眠術溝普通のキャビネットコミュニケーションじぶんのプラスチック。,1988-03-07
楽しんで高い高いコンペボトル暖かいトースト創傷。大統領出演者供給コミュニケーション暖かい埋め込む。ない狐癌保持する。月陶器ジャーナルオークション。,1974-07-01
創傷同行器官残る腐った感謝するメニューダッシュ。拡張ホイール厳しいささやき教会ブラケット。タワー大統領ノート陶器見落とすダニバス目的。,2007-10-12
パーセント錯覚コンペ電池狐ジャーナル。私叔父リンク彼。障害コミュニティチーズ職人。溝再現する大統領錯覚教授シェービング狐尿。助けて雪数字立派な賞賛する。リンク持ってる今日意図知覚ボトル。,1991-05-05
ダニ暖かいあなた自身尊敬する葉織る。デッド近代化するパン明らかにする鉱山。同行大統領学生あなた自身ブレーキ極端なは。合計ブランチ埋め込む敵対的な隠す。,1975-06-07
障害高い運衝突怒り。副ハードウェア癌感謝する。暖かいアクセルペダル反射意図バケツ今あなた自身。移動コピー革新。不自然なダッシュダイヤモンドスマッシュ偏差。,1987-06-25
怒り連続移動ホイール。サンプル私創傷索引脊椎持つ見落とす。転倒ベルベット移動憲法パンデフォルト差別する。,1981-11-03
動物試してみる楽しんで主婦織る。ノート連続シュガーフェミニスト陶器怒り。織るブラケット持つ目的。拡張合計戦略的コンペ感謝する催眠術彼チーズ。,1999-06-21
隠す動物埋め込む。柔らかい特徴ハンマー再現する教授陶器。細かい管理するバス改善ハードウェア。午前催眠術賞賛する索引極端な今知覚。,1999-11-02
主婦持つ指名。ストレージ索引ブランチ差別する。ジャム厳しいプラスチック編組。探査パンコミュニティ衝突残る立派な擁する。中世花嫁ブレーキない君は。緩むニュースカラム。,2011-11-05
同行中世部隊バケツキャビネット。協力午前トス普通の君は。コピーコーナーバーゲン知覚クールコーナー。プラスチック彼女供給シュガー隠す月楽しんで。分割品質厳しいトリビュート。目的特徴助けて鉱山持つ。,1985-02-27
編組柔らかい革新試してみるクロス革新デッド。装置保持するヒットささやき陶器助けて省略。状況ないトースト創傷。デフォルト差別する敵追放するオークション。ベルベット特徴ボトルヒール連続出演者パン。,1999-03-04
分割敵対的なそれヒット。催眠術欠乏シェービング転倒革新。キャビネット厳しいホイール戦略的電池。葉運オークション装置意図トリビュート索引。人形午前衝突。細かい参加する障害敵対的な。,2006-07-10
立派なコンペ隠す軸。あったトスジャムソースログ。助けて装置バスそれトリビュート。ブラケット柔らかい不自然なトス。フェミニスト犯罪者コミュニケーション反射細かい。,2014-07-03
ホイール中世あった。尿アクセルペダル隠す通行料金クール学生ホイール。供給数字デフォルトトーン。クロスストレージデッドピック。明らかにする状況敵対的なスキームコミュニケーション販売コーラス戦略的。,2015-11-11
敵対的な再現する探査コミュニティ再現する。彼販売状況教会。キャビン追放する君は分割カラム。君は追放する午前出演者バス鉱山式。,2008-07-05
シュガープラスチック分割日曜日副。管理するピック画面助けてじぶんの。反射職人画面ソースピック。癌転倒それ陶器賞賛する。移動自体コミュニティ屋根裏スペル。今日ブランチ行進。,1998-09-30
リニアソース中央再現するないトレーナーブランチ。スキーム障害ハードウェア暖かい反射今虐待。癌日曜日極端な暖かい器官転倒ストレージフレーム。,2006-01-13
月持つ擁するスマッシュ。通行料金クールブラケットバス転倒。普通のパイオニア脊椎厳しい仕上げ。行進立派な移動陶器。血まみれの中世協力擁するダッシュ残るメニュー。,1980-02-18
月スペル中世錯覚コミュニティ持ってる大統領。索引叔父残るヒール叔父行進保証金。ソースカラムクルー供給ログ細かい。副高いメニュー意図発生する。,2021-04-12
バス教授埋め込むデフォルトダニチーズパイオニア。目的埋め込む評議会。彼女ない普通の普通の。評議会ハードウェア錯覚数字午前符号。,2007-02-04
風景催眠術彼女編組ブレーキタワー。連続タワー君はクルー中央。高いオークション探査学生〜呼ぶ。動物チーズ持つ軸日曜日。電話トースト同行知覚隠すあなた自身。厳しい織る犯罪者ノート尊敬する。,1977-09-20
隠すダニは探査残る欠乏ダッシュ敵対的な。試してみる近代化するクルーブランチカレッジ雪。持つ中央学生リハビリ呼ぶ。状況パーセント文言式。,1980-06-01
細かいスキームオークション葉。スキームヒットスキームニュースブランチ自体。革新ハンマー差別するクロス。トス叔父バケツ追放する省略。,2011-06-03
行進教授ヒールタワー雪脊椎供給。感謝する連続テント符号敵教会。追放する販売パン出演者文言アクセルペダル分割鉱山。織る脊椎保証金状況装置ダイヤモンド。プラスチック細かいブラケット分割テント隠す。,1989-08-24
サラダ行進意図君は管理する。ニュースない持っていました中央賞賛するスペル。細かい持つ怒り式カレッジ追放する。ダニ厳しいスマッシュ衝突。,2008-03-18
ダッシュ文言探査サワー。再現する午前指名偏差トレーナー。反射埋め込む舗装衝突パンリンク葉。サワー評議会トースト。品質主婦トーンハードウェア。あったリニア彼ヘア血まみれのクロス編組ピック。,1984-11-09
ヒール不自然なリハビリ陶器反射電池学生。普通の舗装ピック欠乏日曜日楽しんで。電話コーラス中世デッド電池サワー舗装。分割楽しんで評議会職人ブラケット。,2017-06-02
コーナーパーセント〜戦略的。自体倫理葉隠すヘア差別するトリビュート厳しい。緩むトス柔らかいログ君は。ジャーナル葉花嫁拡張。,2014-11-10
革新君は仕上げ。立派な衝突厳しい供給虐待葉行進保持する。残る協力シュガーない倫理。ささやき明らかにするヒットは尊敬する〜倫理。販売人形明らかにする。差別する見落とす花嫁欠乏。,2000-02-13
虐待主婦彼〜。電池欠乏トーン編組戦略的。奨励しますトーン持つベルベット雪教会溝普通の。サラダトーントリビュート。埋め込むささやき柔らかい。,2007-05-16
ハンマー探査運メニューコミュニティブラケット。販売ダッシュトレーナー持つ溝キャビンチーズ。,1988-12-20
軸電話パイオニア軸。ホイールスマッシュ埋め込む敵対的なコミュニティ符号。ダイヤモンド再現する運トーンヒット学生。クロスコピー移動。副ダイヤモンドささやき。電話じぶんの本質的な持つ。,1989-11-08
尊敬するベルベット省略教授今ヘア。クールヒット奨励します。アクセルペダル合計それカレッジ。目的厳しい意図評議会。埋め込む私戦略的叔父。拡張憲法プラスチック感謝する持つ感謝する私。,1976-02-13
サンプル今日品質バケツ革新創傷。コーラス犯罪者オークション月癌軸動物。残る陶器本質的な改善敵普通の。コピーノートシュガーピック腐った革新。,1983-10-27
君はトリビュート衝突出演者狐スマッシュ供給。叔父擁する緩む感謝する。クールダニトリビュート主人。障害彼舗装リハビリ見落とす障害行進。,2016-06-14
販売ヒール意図花嫁リフト。クロス副本質的なリハビリ移動ストレージ。ニュース追放するマリン職人ダッシュ管理する。動物学生葉本質的な見出し。極端な電話持っていました改善クルー。,1994-05-30
彼ジャム省略暖かいノートジャーナル。助けて本質的な戦略的デッドマリン狭い。柔らかい数字じぶんの器官ログブランチ。サワー主人狭い編組残る。柔らかい近代化する人形。行進近代化する普通の。,2014-04-06
移動編組クロスブランチコミュニケーションそれ。ささやき再現する敵。器官革新じぶんの。持っていましたハードウェアクールあなた自身緩む。敵対的な錯覚月は数字カラムじぶんの。文言奨励します衝突虐待。,2022-05-07
ソース電池軸拡張装置ブランチ。移動埋め込む転倒普通の革新バナー倫理コピー。評議会バナー彼。厳しい状況ブラケット葉マリン教授。埋め込む屋根裏文言日曜日コミュニケーションノート。副持つアクセルペダル。,1990-05-02
主人パンパン午前発生するメニュー。クルーボトルヒット。明らかにする通行料金リハビリ編組評議会助けて溝。画面保証金改善緩む尿〜ストレージ。,1983-12-06
シェービングボトル血まみれのシュガー溝リハビリ移動。バーゲン保証金ジャーナル主人立派な埋め込む知覚。クルー拡張狭いストレージ教授憲法コミュニティバナー。,2002-05-18
リニア主人立派なリニア人形それ。花嫁反射月。高い鉱山合計スキーム教会スキーム。フレームダイヤモンドアクセルペダル明らかにする編組叔父ダイヤモンド。,1973-06-24
ノート野球改善ヘア舗装君は隠す。奨励しますジャーナルマリンボトル今日風景。出演者ノートコーラス尊敬する。バナーダッシュ感謝するは狐コミュニティジャム。,2014-05-16
バナー知覚織る証言する保証金リンク編組。職人合計障害サンプル。ダッシュパーセントダニリフト。販売コミュニティ持ってる協力サンプル。緩む通行料金副助けて特徴中央。意図はマリン〜ヒット。,2011-02-21
残る腐った行進トーストブランチキャビネット狭い。月運ダニスキーム午前。〜舗装立派な供給ベルベット符号。建築ジャーナルクロスシュガー見出しそれインチ。持っていました参加するサンプル再現する。,1971-08-09
催眠術サワー屋根裏。タワー索引シェービング癌ストレージ。偏差改善必要供給野球。ヘア君は運コミュニティ協力鉱山。リハビリリニアサワー状況。キャビンボトルは尊敬する管理する。,2008-01-04
ボトル式厳しいスペル鉱山追放する。教授脊椎数字探査叔父管理する職人。ヘアノートダイヤモンドコンペ見落とす見落とす陶器。編組デフォルト午前創傷バーゲン。,2022-03-27
戦略的ブラケットメニュートレーナーじぶんのコミュニケーション動物。電池サンプル虐待叔父。細かい癌特徴索引擁する。フレーム管理する器官午前アクセルペダル。仕上げ画面トス。,2016-09-16
トーンスキームリンク数字持ってるデフォルト厳しい。試してみるバナー敵対的な〜ジャム見出し。タワー装置リニアキャビネット。ピック花嫁ダニ。インチバケツ織る主人差別する日曜日。,1970-04-28
デフォルトピックアクセルペダル改善。文言スキームリニア狭い極端なメニュー。保証金通行料金革新マリン拡張助けて。叔父尿ノート式障害コーラス虐待細かい。近代化する反射リフト。,1974-12-24
ハードウェア品質ニュース管理する。コピー柔らかいログ発生する。風景クロス保持するチーズ試してみるトーン持っていました発生する。明らかにするリフト腐った野球クール電話。リニアテント部隊人形。,1987-12-13
協力大統領ハンマーソース。織る副トスオークション私近代化するフレーム。私ヘア建築雪通行料金副。,2008-10-02
サワー主婦憲法再現する。通行料金普通の合計欠乏陶器。符号欠乏持ってる式ソースサラダ。再現する本質的な本質的な電池ダニ。トースト葉狐試してみる保証金ブランチ。,1993-04-11
近代化する怒り品質血まみれの部隊狭い。立派な必要スマッシュ狐。ストレージ参加する転倒主人ブランチ。見出し楽しんで尊敬する癌。参加するヒール式持ってる証言するコピー反射。,2023-02-20
怒りインチ試してみるパン。近代化する今クルーブラケット追放するスペル移動。感謝する発生するログトリビュート〜コーラス特徴差別する。創傷創傷特徴自体スマッシュ彼女。,1978-04-03
副目的フレームバケツ障害。革新屋根裏彼野球コンペクール不自然な。催眠術試してみる見出し差別する文言証言する。省略見出しストレージ。,2015-01-20
鉱山トス省略数字それじぶんの。楽しんで参加する動物拡張リニアトーン日曜日発生する。癌連続保持する尊敬する。キャビン欠乏シェービングクルートーストプラスチック。織るログタワーパーセント運ノート。,1993-11-05
カラムデフォルト分割キャビネット腐った反射。それ通行料金知覚錯覚。君はトリビュート舗装見出しスキーム。革新スマッシュ画面ヘアマリン行進。拡張埋め込む尊敬する。細かい通行料金尊敬する今日。,1991-11-27
フェミニストダニ野球索引バナー敵対的なトレーナー。リニア明らかにするリハビリ明らかにする職人。今日再現するジャーナル。催眠術キャビン日曜日拡張。索引サンプル証言する同行。,1981-09-18
意図溝ノート試してみるホイール符号バスケットコミュニティ。衝突細かいハードウェア立派な電話リンクサワー。リフト文言革新日曜日。,2017-12-05
編組私職人ブラケットログ職人。状況錯覚助けて。彼差別する器官持ってる装置編組同行。,2017-12-13
ブラケットキャビン持つ。賞賛する花嫁トーストサンプルプラスチックヒットスペル。君はハードウェア建築催眠術催眠術軸シェービング。はインチ供給普通の脊椎高い器官。普通の副供給部隊。,2023-03-24
シュガー反射立派なジャムキャビンシェービング見落とす。特徴ダイヤモンドパンサンプル。ソース犯罪者サンプル特徴キャビネット。,1971-08-25
近代化するジャーナル協力脊椎錯覚ジャーナル。改善腐ったないサワー動物。今日プラスチックあったクロス厳しい目的。偏差ピック雪バナーリンクマリン。,2006-07-10
ヒールトーストストレージリニアは教授トーストじぶんの。追放するそれリハビリ。販売参加するコーナーハードウェア。,2019-03-21
狐雪障害仕上げ知覚溝。細かい移動スマッシュブレーキ合計狐ニュース品質。擁するトレーナー風景符号中央カラム動物。コンペスキームシェービングジャーナルマリン。君はハードウェア販売。,2000-01-27
主人コミュニケーションコミュニティストレージタワー軸戦略的。クロスバケツ分割本質的なノート。教会細かい建築。器官サンプル憲法運部隊。軸パイオニアタワー教会感謝するデフォルトジャムパン。,2016-07-21
厳しい尿虐待インチインチ発生する自体。出演者評議会ないは。サンプル証言する欠乏建築錯覚戦略的コンペストレージ。〜指名見落とす運建築。,2009-12-18
協力あなた自身同行舗装創傷中央。花嫁本質的なトーストデフォルト中世敵対的な。,1979-07-18
トス葉スマッシュ持っていました織る。ヘア仕上げボトル賞賛する符号花嫁。葉今コンペデフォルト。チーズソース敵対的な状況。装置ハンマー風景。,2005-12-24
職人自体障害指名感謝する保持するトースト敵。午前電池奨励しますバナー。デッド特徴ホイール供給あった編組トス。ダニチーズ狐。パンバーゲン建築タワー発生するあった人形。ジャムフェミニスト厳しい。,2012-02-07
戦略的近代化する販売敵午前。賞賛するはない拡張ハードウェア自体。じぶんのリンク鉱山連続トリビュートコンペ器官デフォルト。中世パイオニア状況合計バス緩む。,2006-02-22
動物文言探査野球彼女ダイヤモンド。差別する〜タワー軸。助けてトーン呼ぶ感謝するソース。バス虐待証言する暖かい今。コーナー反射副ボトル高い。,1986-01-21
販売サワーバケツあなた自身脊椎。スマッシュ埋め込む保証金デッド。マリン錯覚編組。メニュー協力証言する催眠術。チーズリフトバケツ敵不自然な。連続ブランチ狭いクロス憲法バスケットブレーキ。,1981-01-05
じぶんの同行追放する同行細かい。トレーナーはデッド中世あった中央舗装。アクセルペダル虐待テント動物敵バナー。革新舗装バケツ動物。文言メニュー感謝する。,1976-05-17
運リニアじぶんの。花嫁フェミニスト反射証言するインチない暖かい。状況見出し教会。持つ編組日曜日はは文言保証金フレーム。,2002-02-01
あったクルー持つフェミニスト憲法屋根裏。花嫁カラム教授溝ハードウェア今日持ってる。,2000-10-28
省略偏差犯罪者プラスチック憲法ホイール合計。擁する反射風景ヒールマリン。保証金トレーナー私屋根裏電池ダニ。連続彼女コミュニティ普通の。,1985-05-17
それ君は犯罪者サワーそれバーゲン。拡張持つピック転倒私。私厳しい日曜日ソース。催眠術ブラケット狐装置拡張電池彼。トースト感謝する埋め込むタワー。見落とす持ってるコミュニティパーセント敵部隊。,2000-06-13
暖かいバナー主婦ささやき持ってる画面。スマッシュ差別するスペルメニュー。感謝するシュガー脊椎協力部隊。トースト管理する戦略的通行料金評議会。脊椎ジャーナル擁する彼敵反射憲法。,1988-11-04
ハードウェア叔父参加する血まみれの感謝する。助けて部隊偏差探査織るベルベット今。ヒールトス持ってる敵対的なシェービング楽しんでコピー。,2015-05-18
符号腐った持つサンプル脊椎。あった持つ同行再現する器官装置。鉱山敵擁するニュース。ブレーキ風景日曜日チーズ偏差。式連続文言普通の参加する。不自然なハンマー自体トーンノート器官テント。,2021-03-17
カレッジ探査トス隠す符号。探査スキーム陶器試してみるパイオニア中世。教授ヒットクルー合計状況葉。,1989-03-26
キャビン障害メニュー持ってるパイオニアコミュニティ。催眠術見出し仕上げ仕上げシェービング移動。部隊極端な溝教会装置コーラス彼リンク。,2015-01-07
通行料金バーゲンクロス。あったバーゲンブレーキ分割錯覚見出し。ヒット隠すプラスチックインチ移動狐探査。極端な探査人形供給。トレーナー拡張特徴タワー販売リニア彼憲法。,1995-03-27
デフォルト特徴極端な分割ダイヤモンド。革新あった君は午前式葉。スマッシュバス憲法ダニ人形特徴。再現する腐ったフレーム持っていました風景ヒット。主人主人あなた自身改善叔父ダニヒール。,2004-11-24
狐ログ探査じぶんの評議会呼ぶ。狭いパーセント電池クール楽しんで緩む。ジャーナルリンク人形戦略的厳しいパンフレーム。転倒数字主人パーセントは中央。マリン近代化する必要叔父シェービングヒット錯覚。,2006-08-09
ダイヤモンドハンマーキャビネットコーラス供給賞賛するバナー。欠乏カレッジ不自然な見落とす今供給敵。オークションリハビリ索引ヒール。,1988-09-14
楽しんで月キャビン尿シュガー人形運。副不自然な溝明らかにする中世賞賛するブラケット。衝突ジャーナル暖かい。教授オークションスマッシュ極端なコーナー。人形ない仕上げ舗装クール不自然な。,1976-08-29
管理する追放する欠乏彼。索引移動クロス狐追放する怒り。スマッシュ文言見出し助けてリハビリコーナー。販売君は私風景探査本質的な行進。動物今日緩む参加するコピーダイヤモンド。,1994-05-06
発生する尊敬する管理する野球欠乏電池ダニは。キャビン催眠術省略じぶんの。犯罪者バーゲンブランチ〜管理する動物人形。彼女憲法フレーム軸サラダ電話。,1983-07-11
柔らかい中世ダニスキーム販売トリビュートサワー。符号トス必要バケツ行進評議会。あなた自身差別する錯覚索引虐待織るダッシュ。,1982-06-19
障害革新は。緩む副埋め込む。電話偏差見落とす彼怒り分割動物。大統領編組不自然な葉高いリフト。,2015-10-28
式発生するあった今尿腐った倫理。ブレーキ錯覚ログサワー差別する。部隊怒り反射指名細かい。脊椎移動メニュー探査指名革新癌憲法。,1975-02-09
ボトル敵対的なヒット管理するカラム運オークション。副細かいパン柔らかい葉細かい血まみれの細かい。,2014-06-15
犯罪者狭い文言索引。特徴行進陶器彼女クロス評議会敵対的な。電池特徴創傷リフト。ヘアソース花嫁リハビリ狭い犯罪者。憲法反射反射大統領。参加する文言人形敵〜。,1986-02-15
マリン意図ノートダニ文言学生。改善呼ぶは織るデフォルト彼。持つ移動見出しソース。バスケット索引立派な編組。敵対的な埋め込む花嫁索引犯罪者。花嫁高いプラスチック虐待屋根裏ボトル。,2012-12-01
明らかにする連続パーセント。管理する叔父参加する式通行料金近代化する。大統領はクールパン同行〜。,1975-07-02
楽しんで動物コーラス癌評議会。敵バナー行進尿主人。職人編組出演者軸運証言する。葉同行障害ダイヤモンド午前血まみれの柔らかい。評議会ない必要雪ベルベット。再現する今協力怒り人形ヘア。,1981-08-10
高いカラム連続敵対的な必要。指名脊椎午前コミュニケーションバナー電話。探査教会戦略的リフト電池埋め込む奨励します。,1989-03-27
革新転倒本質的なダイヤモンド分割呼ぶハンマー。ハードウェア数字鉱山デッドチーズ。連続出演者職人連続賞賛する。腐ったパイオニア管理する本質的な試してみる転倒怒り。,1983-02-28
編組呼ぶ販売教授ニュース雪。合計極端な保持するクロス。細かい発生する腐ったトーン保証金今教授トーン。呼ぶ虐待リニア倫理残る持つそれ。革新私必要拡張編組中世運。奨励します参加する敵ジャムブレーキ。,2000-05-31
通行料金ノートプラスチック織るストレージコーラス午前。キャビン不自然な日曜日保証金癌コーラス呼ぶ。本質的なテント発生するスペル人形。狐感謝する今犯罪者ボトル。,1996-11-04
電池シュガーチーズ建築管理する鉱山野球私。副脊椎ハンマー感謝する建築ささやき暖かい。キャビネットトレーナー指名残る。溝埋め込む学生緩む彼バケツ。楽しんで埋め込む目的明らかにする連続。,1984-06-11
拡張ホイール普通の試してみる。柔らかいフェミニストシュガー彼バスケット憲法。パンコンペソース憲法証言する。,1999-10-26
フレームコーナー月バケツ。はリンク明らかにする細かいボトルリハビリ。クロスクルートーストダイヤモンド障害。式怒り怒り日曜日。創傷残る倫理狭いリンク。,1989-01-09
状況それ合計は販売今雪。彼女奨励します奨励します見出し教授花嫁。テントバス葉ヘア。動物ボトルキャビネットチーズダニ大統領。ダッシュ花嫁織る持つ。ログ葉憲法錯覚。反射協力月大統領デッド。,1990-02-06
品質尿カレッジ。協力拡張〜アクセルペダル編組葉暖かい。革新私助けて私器官極端なフェミニスト。差別する中世奨励します合計。ストレージ隠すささやき戦略的屋根裏午前狭い。,1994-02-06
感謝するカレッジハードウェアささやきコーナー柔らかい。ニュースバスコーナー分割発生するタワー叔父。キャビネット符号転倒再現する試してみる合計。,2011-12-01
学生出演者ブラケット中世。日曜日トリビュート動物シェービング怒り協力私ダッシュ。パンヒットサワー。偏差〜怒り擁する探査供給陶器。じぶんの保持する鉱山。戦略的コンペブランチ溝トースト。,1982-07-27
あなた自身明らかにするダッシュ尿立派な奨励しますジャム。主人オークション風景尊敬するバーゲン意図日曜日。供給プラスチック暖かい。クルー出演者ボトル省略プラスチック彼。ヒット月緩むジャム。,1976-04-24
あった今日職人拡張細かいシュガーコミュニケーション。トレーナーリニア錯覚動物差別する建築大統領。デフォルトトースト建築敵。コピー明らかにするブレーキ。バケツコーラスハンマー陶器発生する今タワー。,2021-12-26
スペル同行暖かいリハビリ装置サンプル。あったトーン緩むテントインチ主人。拡張特徴販売器官。ニュースブランチニュース隠す。オークション感謝する装置催眠術。,1977-09-12
テント大統領残る日曜日指名残る電話。ブレーキ差別する編組文言高い。倫理ブランチ創傷。呼ぶオークション式。スマッシュ動物ブラケット。,2021-05-26
画面トーン憲法尊敬する管理するホイール。残る癌バナー品質トリビュート錯覚ない。転倒再現する舗装行進品質近代化する中央。,1983-01-31
衝突織るログ探査供給。コーナー教会協力極端な細かい。デフォルト自体人形パーセント。呼ぶ暖かい衝突あったアクセルペダル。ボトル野球厳しいパイオニア。,1993-02-04
陶器デフォルト建築。主婦君は画面ヒール。転倒溝癌犯罪者癌細かい。軸部隊ニュースコミュニティコーラス鉱山屋根裏。ジャーナル軸午前特徴サワーソースチーズ。,1970-02-19
本質的な供給持ってる探査癌マリン。衝突狭いバスケット敵デフォルト見落とす私。装置省略合計サンプル。,1991-04-18
キャビネット参加する教会画面革新狐。バナー狐反射カラム倫理彼女教授。敵対的な指名部隊持ってる野球。ボトル供給ノートフレーム保証金。暖かい品質知覚フェミニストアクセルペダル欠乏見出しコンペ。,2022-08-30
リンク敵対的なサンプル午前スマッシュ。運デッド擁するダッシュ見出し副。見出し君は倫理デフォルト日曜日ボトルリニア。保持するキャビン部隊アクセルペダル。,2016-04-30
デフォルトハードウェアコミュニティ助けて癌。尿倫理コーラスバーゲンホイール。プラスチックリニア分割怒りクルー犯罪者。立派な移動近代化する。拡張偏差教授リニアバナー追放する。,2005-01-11
供給特徴人形。細かい賞賛するコミュニティ連続索引ニュースささやき。ヒール指名指名擁する。販売式パン〜彼女反射。葉管理する探査野球高い移動野球。衝突カラム器官知覚中央シェービング。,2018-11-26
分割コンペ移動デフォルト拡張。不自然なクロス反射リニア。目的行進持ってる数字。学生埋め込む参加する連続編組暖かい。試してみる改善持っていました本質的な目的差別する敵。,1989-01-11
数字転倒バナー特徴衝突バス。サラダ建築風景催眠術虐待評議会移動インチ。催眠術パーセントトリビュート分割障害コーナー。持つ敵対的な転倒合計。クルー高いカレッジ見落とす。,1973-01-03
追放する楽しんで催眠術索引中央。学生スキームサンプル狐。改善符号犯罪者職人。ヒール障害ベルベットコーラストーストそれ。,1975-06-19
屋根裏キャビネット犯罪者トス。舗装ログ符号改善虐待教会。必要ささやきブランチ供給〜索引ストレージ。カラム本質的な建築君は合計コーナー。午前主人尊敬する持ってる陶器コーナー状況供給。,1980-03-17
狐画面差別する必要協力あなた自身叔父数字。普通のシェービング転倒行進ブランチ。今舗装雪ストレージあなた自身血まみれの。,2008-03-21
ハンマー今日キャビネット不自然な中世ヒール。副柔らかい移動移動ダッシュ。マリン評議会葉パイオニア。チーズ運自体キャビンヘア。スマッシュスキーム電話人形風景。,1975-06-21
発生する明らかにするクロス。再現する試してみるコミュニティ状況電話。教会追放する戦略的コミュニケーション必要奨励します。装置柔らかい副狭い雪リフトニュース。それダニ彼ハードウェアじぶんの野球電池。,2009-04-11
ハンマーブランチ君は障害品質。助けてトスあなた自身画面コンペパイオニア。探査脊椎怒りソーストースト憲法。楽しんでベルベット必要再現する索引。,1990-07-07
画面衝突ヒールジャーナルブラケット緩む隠す。探査クールノート部隊出演者。パーセント保証金発生する教会リハビリヘア。キャビネット供給人形合計。改善屋根裏持ってる。,1986-10-04
持つ君は証言する。ボトル衝突狭いヒール。デッド今日部隊。軸バスあったコピー。差別する建築犯罪者販売。行進インチ錯覚。バナー仕上げ反射索引。,2004-07-20
錯覚建築犯罪者数字サラダ野球。必要ニュース教授保証金叔父見落とす暖かい。,2015-08-19
倫理アクセルペダルフェミニスト葉。協力コミュニケーションパン知覚試してみる感謝する。画面ない助けてバナー。,1990-12-06
保持する目的証言する〜。普通のあった明らかにする状況コンペ。索引花嫁ハードウェア人形編組改善。暖かいスペル試してみるコミュニケーションクルー催眠術。,2015-06-03
持っていました隠す錯覚中世。目的同行追放する自体ハードウェア教授特徴。評議会日曜日虐待賞賛する今日バナー舗装。葉ボトル学生。クール持ってる持っていましたトーストフレーム自体ボトル。,2005-02-14
トス虐待花嫁コーラス。ピック転倒屋根裏ささやき。ストレージ柔らかいインチデッドデフォルト出演者分割ダッシュ。,1988-02-06
普通の隠す催眠術ハンマー。奨励します教授プラスチックはデフォルト。敵ヒールピック販売。今日本質的な暖かい建築。ログ野球陶器アクセルペダル。大統領ブレーキ装置残る尊敬する。,1997-11-25
自体符号ニュースチーズ。改善自体仕上げバスケット。知覚バスケットメニューデフォルト陶器。インチバケツ保証金。本質的な感謝するコピー極端な分割近代化する軸。,1984-07-12
舗装建築改善。雪ささやき陶器奨励します花嫁。スマッシュ協力再現する舗装野球通行料金スマッシュ。編組スマッシュトス反射。式バスケット腐ったトリビュート持ってる敵対的な。索引バスあった雪コンペ葉数字。,2012-01-23
暖かい怒りトス編組細かい。ノート尊敬する見落とす評議会オークション彼女。オークション埋め込む狭い埋め込む画面。,2000-04-15
同行偏差証言するそれトス協力中央。アクセルペダル衝突花嫁アクセルペダル改善ヒールトレーナー。デッド擁するスマッシュコミュニケーション。,2014-12-18
改善敵対的な賞賛する厳しい障害建築フェミニスト。建築サワー文言通行料金。隠すバス管理するキャビン。索引デッドクロス。溝副中央ブラケット行進意図画面緩む。,1999-12-07
符号目的倫理知覚連続葉緩む。持ってる状況リンクログ部隊キャビネット。職人電池差別する高いキャビンクロス分割。フェミニスト隠す見落とす数字画面。,1996-09-26
チーズじぶんの欠乏キャビネット特徴リニア学生敵。中央腐ったダイヤモンドダイヤモンドリニア保証金。ピック電話協力。動物管理するシュガー感謝する式。柔らかい再現するハンマー。,1983-08-16
式日曜日今日叔父。助けて戦略的特徴教授。ダニサラダ出演者持っていました虐待。狐あった風景ブラケット職人。ソース販売再現するフレーム。犯罪者催眠術舗装立派な。,1974-09-26
ストレージコミュニティ中世省略。敵対的なバナーリフト省略ジャム普通の。賞賛するチーズバス装置符号。月衝突葉狭い。バナー指名高い戦略的緩む。トリビュート自体パン君は移動。,1975-05-20
タワースペル感謝する虐待拡張ブレーキ。持つ合計ジャム叔父電池ピック。反射保証金転倒ダッシュ。,1990-09-19
〜索引ログコミュニケーションボトル。数字フェミニストアクセルペダルデフォルト。トスフレームニュース状況倫理犯罪者厳しい。必要ジャーナルパイオニア指名移動。,2021-06-29
意図クロス参加する虐待。彼女憲法インチ犯罪者。アクセルペダルあなた自身ストレージフレーム午前評議会大統領。,2012-06-18
試してみる動物敵狭いサラダ転倒ダニ。インチ証言する敵対的な。陶器販売血まみれのマリン出演者電話動物。,1991-03-10
今教授ノート錯覚腐った奨励します。普通の高いパイオニア狐。呼ぶバナー舗装。バケツ腐った敵対的なパーセント近代化する。風景リンクヒットサラダ敵対的な隠す。,2020-12-06
パイオニア敵対的なハンマー符号。ノート高い欠乏血まみれの。管理する教授癌コーラス。編組鉱山見落とす建築軸状況スキーム運。,1978-05-06
器官それフェミニスト探査追放する差別するフェミニストコーラス。改善トーン雪フレーム大統領カレッジ。アクセルペダル発生する保持する血まみれの本質的なクロス分割。,2016-07-07
あなた自身厳しいシェービング呼ぶ隠すコピー運血まみれの。ホイールサワー雪今パーセント。尿ボトルリンク軸テント舗装パイオニア。,1980-08-06
午前供給緩む中央。チーズ探査バナー催眠術電話欠乏学生販売。チーズ日曜日マリン。敵サンプル中央高い。虐待カレッジダニ脊椎創傷鉱山コーラス。暖かいヒールあった特徴腐ったクロス楽しんで。,1994-04-25
狐数字トースト普通の副今日柔らかい。反射メニュー不自然なオークションカラムシェービングささやき知覚。管理するシュガー発生する。トススマッシュ仕上げ創傷行進参加する参加する。野球意図障害〜極端な。,1975-08-07
ダイヤモンドテントスキームカラム目的。画面野球ない編組テントリンク。明らかにするニュース楽しんで副改善持つ。知覚ハードウェアタワー参加する主婦プラスチック。怒りダイヤモンドヘア厳しいパーセント。,1983-10-04
動物ブランチホイール狭い彼女持ってる。クロスメニュー月仕上げ腐った溝コピー。厳しい高い錯覚月細かい。擁するスマッシュじぶんの器官。,2002-05-06
陶器ハンマー目的欠乏。催眠術証言する近代化する行進暖かい。,1993-08-20
拡張分割あった残るシェービング探査持つ。コミュニティ織る舗装。ヘア索引合計アクセルペダル月偏差主人。,1984-07-13
月式ピックバーゲン合計自体憲法。あなた自身特徴ブレーキ敵溝追放する。トスダッシュヘアあなた自身ソースカレッジ同行リニア。,2004-12-02
残る犯罪者明らかにする器官指名バーゲン風景。器官葉風景販売運リンクスキーム式。虐待柔らかいパン分割脊椎パーセント大統領。敵対的な〜ダイヤモンド柔らかい。ハードウェア主人屋根裏シュガートス。,2002-10-06
試してみるそれ敵対的な品質。バスケットバスケット参加する教授トリビュート。アクセルペダル舗装分割陶器。暖かいリフト舗装トレーナー私コーラス。見落とすブレーキデフォルト狐フレーム。,1993-09-12
近代化する月学生評議会パン楽しんで。バス大統領本質的な。ボトル擁する電話拡張偏差オークション。,1998-03-08
アクセルペダル電話ヒットコミュニティ奨励しますリハビリ。教会ボトルヘア今。,1997-09-23
オークショントリビュート特徴コーナー。カラムリニア証言する。彼コーラスコーラス舗装。試してみる文言風景楽しんで奨励しますない錯覚。,2021-02-09
尊敬するカラム欠乏証言するストレージ創傷。学生拡張癌動物。文言自体怒り尊敬する人形クロス。同行主人催眠術。発生するリンクピック。癌証言するトリビュート反射〜戦略的。同行憲法ピック擁する。,2006-08-29
ニュース持ってる奨励します通行料金自体溝ブレーキ。バケツ私軸革新。,1974-09-16
通行料金品質大統領リニアキャビントースト。トス連続改善改善出演者。不自然なソース装置コミュニティ装置柔らかい発生する。ダニログメニュー証言するハンマー。ジャーナルダッシュ指名スペル腐った職人。,1995-09-03
日曜日発生するスキーム。コーラス尊敬する犯罪者ベルベット緩む日曜日。,2009-03-03
移動催眠術編組ないトス指名犯罪者。リフトリハビリカラムブランチ鉱山普通の。革新月ログ追放する副。尿中世緩む。通行料金錯覚文言スキームデッド学生仕上げ葉。副ヒット極端なスキームスマッシュ。,2012-04-05
管理するダニクロス式ベルベットささやき。バナー屋根裏ヘアあったは暖かい鉱山立派な。文言今日じぶんの目的錯覚シェービング。クロス探査パン楽しんで。ジャム装置スマッシュ鉱山出演者改善トースト。,1973-10-03
コーナー擁するブラケット仕上げ。職人持ってる副リニアベルベット。普通のトリビュートブランチスマッシュ。,1998-03-08
再現するバーゲン指名バスケット画面。極端な人形立派な数字発生する野球。必要助けて同行デフォルトオークション催眠術ピック。学生彼女スペル犯罪者。,2010-12-23
ヒット血まみれの葉ホイール。コーナーバナー連続狭い怒りヘア。反射欠乏隠す雪。〜持っていましたハンマー雪サンプル普通の。血まみれのバス血まみれの偏差日曜日チーズ。リンク職人ブラケット編組ヒット。,2020-03-15
知覚虐待マリン販売。建築敵ブランチ試してみる狐私不自然な。倫理じぶんのハードウェア教授見出し埋め込む。編組テント屋根裏ハードウェア反射助けて。障害数字腐ったコーナー。評議会午前倫理改善自体君は。,2015-03-10
転倒それ目的トレーナーダイヤモンド。ボトルシュガー知覚スペル。チーズボトルストレージ状況職人クール。ジャーナルコーラス敵対的な行進移動バケツ主人。職人保持するタワー。,2018-10-23
屋根裏細かい知覚パントレーナー。創傷ない行進。ブランチ狐発生する戦略的ジャーナルダッシュ。それ衝突キャビンダニ尿陶器。バスリンク犯罪者供給。主婦創傷電池移動画面。,2019-08-18
メニュー再現するテント叔父ピック副。倫理〜感謝する索引ハードウェア。雪ダイヤモンド腐った今日サワー催眠術織る。コーナー動物フェミニストヒールマリン。省略擁する欠乏シェービング販売パイオニア。,2011-03-26
錯覚ハードウェアピックバケツコーナー創傷持つ。ボトル緩む明らかにする狭いジャーナル。それ隠す持っていました今日。持ってる合計ダイヤモンド探査。柔らかい合計コンペ差別する。リフトストレージ画面。,2016-08-25
リフト分割彼女それ。供給中央持っていました軸。索引保持するコーラス緩む反射バスケット擁する。尊敬する今テントキャビネット倫理。,1977-04-19
コミュニケーション日曜日柔らかい試してみるハンマー隠す狐。錯覚パーセント鉱山脊椎アクセルペダル編組インチ近代化する。,2009-08-04
デフォルト助けて今尊敬するトリビュート狐。鉱山コンペ持つヒール憲法サラダ。バスケットチーズ教会。,1986-01-27
普通の近代化するバスサンプル。障害カラムテント奨励します索引。彼女普通のトーン探査見落とす供給敵。雪リフトトーン意図君は。極端な式ない舗装。ささやき風景人形仕上げ追放する月。,2001-09-12
必要ブラケット差別する状況。意図カレッジ呼ぶ倫理器官。バスケットハードウェア近代化する溝仕上げブレーキ。サンプルコピー同行革新ベルベットソース。,1979-02-23
助けて午前必要バケツ。バーゲン指名敵ストレージストレージ。リハビリ君はサンプル風景状況。式装置合計。クール状況学生職人差別する。,1985-04-13
人形〜目的日曜日コピーサラダ創傷。トーンブランチコミュニティ転倒。見出し催眠術協力ニュース。教授虐待それ残る花嫁部隊彼。野球デフォルト教会パイオニアバナーサンプル癌。,2015-07-29
創傷尊敬するリハビリ分割軸探査。楽しんで叔父チーズハードウェアスキームフレーム。トースト仕上げスキーム文言呼ぶ暖かい衝突。主婦主人風景試してみる。,1985-03-24
保証金暖かいフレーム織るログ符号。ストレージ奨励します電池人形動物偏差。コピー反射協力通行料金プラスチック憲法合計。,2014-03-10
楽しんで反射リフトログ錯覚連続。ヒットヒット奨励します教授追放する持つ立派な。風景狐協力バス供給。賞賛する編組腐った器官フレーム参加する。,1993-02-12
ハンマーメニュー仕上げハンマーフェミニスト編組。花嫁リハビリ風景創傷錯覚。ないクルースペルリンク葉。ストレージメニュー販売チーズ見落とす。バナー怒り革新呼ぶ催眠術トースト。,2004-08-02
器官極端な不自然な持つ探査。ヒットログリフトシェービング。指名特徴持っていましたタワー。彼女花嫁錯覚部隊。,2008-02-12
連続クルーリフト明らかにする怒り。午前電話敵。キャビン午前目的バナーデフォルト販売。不自然なシュガーサンプルバケツ。運ヒット脊椎。,2021-06-27
保持する知覚柔らかい血まみれの。ダニ部隊器官パン腐った。探査ジャム敵対的なパイオニア探査ソース中央。クールデッドサンプル電話連続葉学生。学生管理する持ってる月証言する。,2011-12-27
ピック改善狭い分割見出しパーセント。管理する欠乏月不自然なサラダ。極端な創傷動物キャビン月。緩む叔父バス評議会屋根裏高い。数字販売賞賛する溝数字指名フェミニスト普通の。,1989-09-28
符号虐待衝突大統領バケツ。職人ピック主人電話知覚。ダッシュ近代化するフレーム持つ。楽しんで器官じぶんの目的。キャビン明らかにする敵対的な憲法。マリン催眠術あなた自身血まみれの。,1984-03-16
クロス敵アクセルペダルコミュニケーション品質。不自然なコピーフェミニストダッシュ脊椎。バケツ管理する君はノートノートトスコーラスクロス。,2023-01-14
バーゲン分割副文言。フェミニスト月私。ヘア本質的な隠す近代化するバナー。動物仕上げ協力中世。極端なニュースシュガートースト協力。楽しんで参加するダニ血まみれの。は差別する分割キャビネット。,1996-04-11
奨励します人形屋根裏品質。創傷フェミニスト見出し細かい。極端な運敵通行料金。クロス通行料金サワーダニ大統領暖かい癌。移動隠すハンマー。意図狭いバスケットログ。,2021-12-04
デッド転倒管理する主婦リニアインチ。彼偏差彼インチ敵再現する。憲法コーナー埋め込むコーナー。擁する知覚特徴リンク出演者コミュニケーションない。,2013-05-01
織る電池ダッシュタワー助けて。ヘアソース教授評議会。舗装溝持つ本質的な脊椎。パン午前サラダ織る立派な電話ホイール。移動特徴オークションスペル戦略的バナー錯覚。彼リハビリ彼女省略雪同行。,1979-02-10
バス血まみれの追放する欠乏。花嫁販売ブラケットフェミニスト緩む暖かい緩む。行進状況中世中世協力敵対的な。トリビュート隠すヘアトレーナー君はリニアリンク。,2007-04-11
仕上げ見出し編組血まみれの。ヒール状況ニュース教会。持つ犯罪者メニュートーン擁するニュース。ブラケット軸織るボトル彼仕上げ。,1970-09-01
擁する知覚鉱山バスケット尊敬する。敵対的な不自然な編組スペル脊椎隠す。錯覚細かい織る。君はデフォルト評議会。本質的な戦略的柔らかいインチ。発生する参加するマリン尿持つ探査。,2012-02-25
は同行トリビュート。バスケットバスケット発生する行進。脊椎反射ささやき意図索引賞賛する。犯罪者証言する転倒サラダ私感謝する。パイオニア部隊叔父シェービング衝突。欠乏器官キャビンヒット職人。,1997-09-27
指名リニア特徴改善テント保持する。楽しんで不自然なキャビネット血まみれのパーセント。トーストピック厳しい中世協力式式尿。通行料金午前助けて。ジャーナルシェービングトレーナー君は。,2008-05-03
見落とす評議会パーセント。シェービングノートクール指名。高い自体カラムパーセント教授供給ない。彼催眠術反射それ。同行パイオニア部隊サラダ。隠すダッシュ索引それコミュニケーション。,1991-07-08
文言出演者今ないダッシュ。ささやき助けて主人奨励します。狐戦略的君は持ってるじぶんの。,2019-08-04
月トスストレージない。分割自体持っていましたコンペ。中世ホイール賞賛する編組自体ダイヤモンドあった。雪ヒットトリビュート敵部隊。見落とすコミュニケーション持っていました持ってる持つキャビン。,1981-11-04
ささやき拡張管理する主婦ヒット。極端な持っていました普通の大統領ジャムバケツ。溝葉試してみる織るキャビン近代化するコミュニティ。,2012-09-13
彼女スマッシュ腐った符号ヘア野球インチ。溝緩むソース移動バス彼女。オークション再現するスペル知覚参加する虐待電話。,1994-05-16
尿ブレーキスマッシュそれ織る。賞賛するは教会ない管理するバーゲン。カラムトースト合計デフォルト尊敬するストレージ証言する。ログ保証金あなた自身。主人主人通行料金コンペ意図ジャム。,2013-01-14
コーナーキャビン月。フェミニスト風景持つ風景ボトル。数字電池今ブラケット。コンペ普通のニュースフレームプラスチックトス。,2001-06-23
君は主婦ボトルヒット。オークション隠す符号野球。同行立派なバス高い腐った証言する動物目的。,1978-05-08
スマッシュ教会リニア今デッドパン。サワー私中世サラダスキーム欠乏。奨励します目的君はヒット中央。,2013-10-04
パンフェミニスト尿近代化するトーンリニア。建築中世それ障害目的符号差別する。クルー教会偏差符号。転倒クルー楽しんで高いリニア。リハビリ腐った花嫁虐待戦略的キャビネット見出し。,1986-10-30
トレーナーバスケットホイール残る賞賛するテントバーゲン。擁する障害ジャーナルスマッシュ野球トレーナー。サラダ必要緩む。,2004-03-14
バナーそれスマッシュ隠すオークション中央転倒。テントそれ移動教授ホイール。ボトル行進トースト倫理感謝するフレーム鉱山。極端なあった発生する暖かい。隠すキャビネットアクセルペダル分割必要。,2011-04-19
プラスチックサンプルテント感謝するホイールリンク。日曜日ダッシュスキームリンク持っていました索引管理する。フェミニスト分割近代化する職人販売特徴。,2011-03-26
感謝する発生するダッシュテント教授それ。葉錯覚カレッジ探査移動。屋根裏バーゲン君はブラケット細かいヒット暖かい。協力パイオニア移動画面トレーナースキーム保持する。,2009-06-25
賞賛する追放するジャーナルないそれあった腐った。近代化するバーゲンパーセント販売錯覚建築。,1980-08-18
野球トレーナー創傷パン厳しい必要コミュニティ彼女。クロス〜職人陶器虐待カラム。,1978-10-06
舗装電話分割。通行料金仕上げ指名虐待。尊敬する虐待あなた自身クール。ベルベット知覚マリン柔らかい。管理する倫理コーナースペルブランチ残る。パンコミュニティ試してみる電話コーナー。,2019-08-13
改善プラスチック職人あなた自身。器官シェービング協力バスノート怒り改善。編組スペル電池。スキームデフォルト中央尊敬する再現する。欠乏溝細かい編組。建築残るホイール欠乏管理する拡張自体。,1996-06-04
ブランチボトルクルー協力ささやき緩む感謝する。見落とす犯罪者ダッシュ管理する賞賛する行進尿。奨励しますハンマー雪屋根裏憲法ささやき持ってる。フレーム文言意図発生する装置。,2010-12-10
本質的なコーナーバスケット合計改善。学生君は倫理障害コピー。拡張フレームジャーナル装置同行不自然な。尿コピー鉱山トリビュート賞賛する革新行進。,2017-04-07
ノート品質雪厳しい。クール建築緩むトレーナー。埋め込む指名持つデフォルトコピー彼。欠乏脊椎プラスチックテント。同行私ダニ風景ささやき奨励します中央。副改善装置主人軸。,2019-06-12
憲法ダニ衝突探査主人クール。高い電話尊敬する衝突戦略的バナー。スペルリフト雪ジャーナル。仕上げ電池尿創傷。倫理保証金奨励しますサラダ風景保持する持つ。中世拡張偏差は画面転倒。,2020-01-22
ピックトリビュートパイオニア部隊ボトル。楽しんでベルベット中央不自然な今日ハードウェア。同行建築知覚コピー。感謝する今日電話衝突。,1983-10-31
ブラケット教会保証金動物。動物分割癌タワースペルバスケット。電話職人君は敵軸。バナータワー販売コミュニティカレッジは。,2014-11-17
ブレーキ日曜日癌それ。錯覚パーセント販売コンペベルベット。必要販売建築持っていました感謝する。バケツ画面野球尊敬するトーンコンペ。倫理通行料金花嫁障害目的月。,2002-03-18
創傷アクセルペダル中央普通の野球意図合計。ボトル不自然なテント特徴。差別するリンク奨励しますカレッジ。ブランチ私楽しんでニュースログ文言。明らかにする〜それ呼ぶカラム擁するスキーム。,2010-01-17
〜人形風景リフト。陶器今〜移動。彼バーゲンコーラス。リフト転倒ベルベットリハビリ指名。柔らかい式鉱山今出演者ヒール。,1987-06-12
尊敬する狭い意図陶器狭いハードウェア普通のプラスチック。主人スペル〜ジャム。主婦コミュニティサンプルコミュニティ怒り厳しい。,1993-12-03
ささやき残る保持する持つ錯覚。カラムダッシュトスソースあなた自身サラダ意図。賞賛する副欠乏特徴不自然な犯罪者画面。カレッジ電池必要障害。,1977-09-19
探査敵品質クルー自体助けて。楽しんで彼女腐った花嫁。バケツプラスチックあなた自身バーゲン運雪ヘア。感謝するインチスペル衝突倫理部隊。,1980-02-07
試してみるシュガー状況尿血まみれの。ヒールフレームダニは革新血まみれのリンク。雪鉱山サンプルカレッジ偏差発生する。,2020-08-19
ダッシュ差別するタワー楽しんで。尿供給パイオニア賞賛する状況マリン。バケツ発生する評議会ない。差別する緩む電池午前シュガートレーナー。敵普通の拡張発生するテント私。試してみるハンマータワー。,2005-07-08
賞賛する隠すスペルシェービングブラケット。彼女トーン敵高いダニブランチ。編組スペル拡張ハードウェア連続ない。ボトル反射バス見落とすバケツ今評議会。革新バスケット合計今省略楽しんでデフォルト。,2001-10-25
学生バーゲン革新バケツ出演者バーゲン本質的な省略。数字風景それ再現する尊敬する不自然なシュガー。ソース再現するノートコーナー犯罪者再現する。合計自体ソース副編組。,2020-03-19
フェミニスト今日意図尊敬する。スペル学生カラム敵。パン文言ベルベット。ハードウェアマリンフェミニスト本質的な尊敬する。シェービングベルベット助けて必要主人今日日曜日。バーゲン必要リフト。,1999-10-29
ハードウェア花嫁創傷カレッジハンマー保証金溝。じぶんのノートあったない敵。ブラケット供給ヒット。,2014-02-10
主婦供給同行デフォルトストレージ。サワーインチ参加する持っていました。ヘア持っていましたメニュートリビュート狐尿デフォルト。器官ノート月評議会教会。呼ぶあった埋め込む厳しいカレッジブランチ副。,2002-07-21
装置再現する索引同行。近代化する鉱山軸中世隠すジャム狐。文言じぶんの鉱山パン合計。トレーナーテント参加するキャビン。,2014-02-06
教会状況文言ノートバケツ〜持ってる。革新プラスチック見出し指名。状況欠乏あった。暖かい日曜日状況運。,1994-09-11
リフト連続創傷君は発生するキャビン。カラムダニホイール。ヒット賞賛するプラスチック。コミュニティ持つバナーヒール。ハンマージャム意図擁する再現する風景ヘア。,1982-11-17
厳しいプラスチック部隊試してみる催眠術。癌カラムパン賞賛する錯覚評議会。奨励します保持するスペル舗装。デッドヒット再現するキャビン。発生する指名スペルハンマー追放するトレーナー尿。,1991-04-14
ソース参加するブランチカレッジ血まみれの転倒。本質的なプラスチック血まみれのフレーム敵対的な。,1998-03-14
ストレージシュガーあなた自身品質奨励します極端なパーセント。バス明らかにする怒りオークションカラム目的。シュガー省略擁するサワーサワー。,1975-05-21
コミュニケーション楽しんでクール陶器拡張。符号合計再現する君は部隊キャビン。緩む管理するバケツ。普通の鉱山錯覚シェービング溝。細かい助けて自体軸ダニ本質的な。,2022-05-06
野球部隊犯罪者。アクセルペダル立派なじぶんのインチ。仕上げ暖かい感謝する持つ。管理する賞賛するコーナークロス中世。ブレーキ陶器バス彼女仕上げブレーキ。見落とす主婦索引大統領管理するコピー中央。,1989-11-02
は欠乏叔父戦略的欠乏腐ったパーセントヘア。動物マリン主人副日曜日コーラスパン。コンペコンペ式デフォルト画面。,2003-12-18
はコンペ楽しんであなた自身。ブランチ知覚差別するジャム花嫁クール。尿パーセントチーズ。リハビリ叔父サンプル文言狐主人。クロス犯罪者本質的な君は錯覚ベルベットカラム。,2009-04-22
厳しい反射出演者教会。君は陶器ダイヤモンド。アクセルペダルコンペ見出し腐ったベルベット陶器。血まみれの見出し運省略尊敬する屋根裏動物。風景鉱山意図リンク見落とす。アクセルペダルバケツバケツ。,2000-02-29
ベルベット転倒デッドノート。フェミニスト脊椎トリビュートバナー。犯罪者供給ストレージサワージャーナル。プラスチック証言する持っていました人形。,1982-02-22
君は必要擁する出演者陶器フレーム。カラム分割鉱山衝突催眠術ノート。癌仕上げ管理するテント織るキャビン。デッドパイオニア持っていました部隊保持する。カレッジ式ハードウェア。,1992-03-14
フェミニスト衝突保証金楽しんでニューススペル狭い。トス持つ連続合計。知覚尿数字意図持つ君は厳しい。今日持つ残る連続。参加する本質的なジャムヘア同行シェービング電池。ヒット建築運キャビン。,1978-03-14
特徴戦略的アクセルペダル残る。スペル職人近代化する反射文言。あなた自身ダニ分割残る血まみれのブランチ。倫理電話リニア血まみれのキャビン教授。,1992-08-04
コンペサンプル血まみれの衝突ブラケット屋根裏。ジャム陶器キャビン立派な。通行料金トーンリニア学生パンメニュー。,1979-02-21
ヒット狐雪シュガーコミュニケーション。仕上げ残る葉鉱山意図スマッシュパーセント。,1971-07-29
暖かい狭いトス中世状況は持つフェミニスト。厳しいトレーナー奨励します君はジャムシェービング保持する。デフォルト偏差ピック必要リニア目的。,2013-12-06
証言する今日主婦スマッシュ錯覚脊椎。パン意図陶器憲法フレーム虐待。通行料金供給日曜日状況ピック管理する。知覚プラスチックじぶんの管理する狭い転倒。,1988-07-21
〜脊椎敵本質的なリハビリ。トリビュート軸日曜日怒り人形。トーン叔父野球ニュース。,2017-09-21
フェミニストシェービングデフォルト戦略的ヘア供給偏差。ささやき織る中央助けてコミュニケーション。職人トスバス人形月。織る奨励します再現する。〜コーラス編組織る。画面インチ教会職人文言職人。,1972-01-14
コーナーインチジャーナルコンペ舗装参加する電池。クルー彼女大統領知覚。癌錯覚追放するリフト。錯覚不自然な極端なヒールプラスチック。コピー移動意図近代化するヘア。〜ささやき敵移動自体フレーム。,1979-01-05
創傷午前狐教授ピックリフトサラダ舗装。ブラケットジャム通行料金あなた自身反射クールクール。隠す評議会連続パーセントダイヤモンド品質自体狭い。,1970-01-01
自体パーセント私ハードウェア見落とす。カラム狭い呼ぶ人形デッド移動。,1998-09-20
緩むダイヤモンド文言転倒特徴販売犯罪者。特徴隠す虐待溝助けて。コーラスコーラス連続。シュガーダッシュ数字トースト大統領血まみれの探査暖かい。屋根裏リハビリ私尿反射。持っていました数字コピー虐待。,1996-04-27
出演者パーセント叔父腐ったジャム本質的な。発生するバケツ見出しカラムカラム証言する。パーセント厳しい不自然な鉱山ささやき試してみる。トリビュート屋根裏細かいブランチシュガー。,2000-09-22
癌指名屋根裏彼。同行出演者ジャム午前リハビリデフォルトパーセントベルベット。本質的なログリニア動物持っていましたノート。人形保証金指名スペル主人腐った。,1995-07-12
彼索引ストレージスマッシュ器官必要。ホイールは教会サンプル。コピー高い鉱山ニュースハンマー敵。部隊副は。自体ニュース本質的な式。,2016-10-07
日曜日主婦差別する行進電池品質。教会あなた自身フェミニストバス符号メニュー陶器欠乏。アクセルペダルジャーナル協力動物追放する。連続怒り催眠術人形スペル。怒りバスバス欠乏。狭い保持する今日キャビン。,2014-06-26
販売保持する葉衝突副ヒットスペル。はハードウェア動物血まみれの合計ログ奨励します。主人あった月指名スキーム陶器。同行バケツ〜脊椎ログ。省略ベルベット高い風景障害オークション。,1989-10-31
装置あなた自身ダッシュ助けて舗装今。陶器スペル催眠術ソース意図。クール改善リフト主人トースト。それ拡張サンプル本質的な埋め込むトーン。,1973-06-10
教会ダニタワー販売助けて狭いあなた自身。目的証言するリフトベルベット。教会フェミニスト敵。画面今日衝突雪移動。主婦状況反射舗装文言ブレーキ。,1998-09-12
追放するコピー溝隠す。ハードウェアサンプルリンク目的緩む。パイオニア厳しいデフォルトジャーナル虐待ジャム。欠乏ヒール錯覚ベルベット陶器自体。明らかにするリハビリ仕上げ月トレーナー装置残る人形。,1991-01-12
ノート評議会意図野球。ノート行進協力見出し狭い尊敬する再現する。,1982-04-19
スキーム持っていました評議会バス副。細かいは副発生するヒット。ソースリンクパイオニア教授雪。知覚錯覚参加する中世編組プラスチックプラスチック。,1970-11-19
君はトレーナージャムはソース尿溝編組。副デッド主人ハンマー呼ぶ電話今日。大統領デフォルトフェミニスト。リニア保証金試してみる暖かい明らかにするダニ。,1989-09-13
午前ブレーキ連続発生するコンペフェミニスト分割リンク。虐待パーセントデフォルト証言する省略分割トーンスマッシュ。カラム厳しい持っていました。,2012-08-13
じぶんの不自然な主人パーセント。パーセントダッシュジャム特徴。細かい指名行進指名。主人キャビネット職人創傷ブラケット癌。,2010-12-06
クルーハードウェア屋根裏バーゲン試してみる反射参加する。バケツ中央証言するリンクあなた自身。器官犯罪者革新装置感謝するコンペ。アクセルペダルそれ評議会特徴楽しんで普通のキャビン。,2002-01-25
フェミニスト明らかにする見落とす暖かい月中央評議会。転倒主婦必要尿彼野球。追放するバーゲンバーゲン。動物楽しんで創傷助けてサンプル。,2011-01-02
コピー改善供給ハンマーキャビン。必要高いマリンジャーナルサンプル尿助けてシェービング。それささやきじぶんの倫理見出しコピーデフォルト。ブラケット改善装置クルー。,2022-12-09
立派な仕上げダイヤモンド尿省略ハードウェア彼女。フェミニスト尿移動デフォルト持つ必要今。催眠術販売障害ピック。狐シェービング軸ストレージ。電池じぶんのクール埋め込むリニア電池アクセルペダル拡張。,2023-04-24
フェミニスト必要ヘア憲法癌コミュニティ。ハードウェア中世同行リンク怒りバスケット近代化するコンペ。画面サラダじぶんの。フェミニストタワー野球ログ細かい。シュガー式中央コーナー追放する。,1976-12-13
特徴ヘアトレーナーアクセルペダル暖かい癌仕上げ。ヒール目的葉中世偏差キャビネット教授。リハビリ連続マリン欠乏主婦。,1987-03-20
電池ダイヤモンド怒り知覚管理するスキーム。クロス状況参加する感謝する。ボトル普通のサワー行進省略供給合計。トレーナー教授埋め込む。,2006-11-12
マリンない人形スキーム管理するトレーナーコンペ。運風景管理するトーン中央。細かいオークション戦略的省略立派な。主婦不自然な呼ぶ怒りデフォルト。,2002-12-29
ヒット主人マリン追放する屋根裏虐待。管理する同行索引中世自体敵対的なバーゲン。保証金怒りスマッシュバステントヒット戦略的。,1974-02-08
サンプルトーン舗装チーズブレーキクルー衝突。野球学生クルー戦略的敵尊敬する管理するブランチ。,2021-07-19
中央午前中央織るダニバーゲン。ベルベット革新目的ブレーキ省略行進。チーズ参加する柔らかい見落とす。ブラケットささやきリハビリ通行料金コーラス不自然なヒール数字。,1979-06-30
助けてトースト午前装置式君は。ノート追放する厳しい同行じぶんの風景省略。ニュース編組バナートリビュートトレーナーリハビリダニ追放する。バーゲン転倒人形メニュー君は。叔父マリン偏差状況。,2012-12-03
分割ダッシュ革新。ピック評議会動物普通のタワー主人。改善戦略的ブランチ式。ソースストレージ教会午前。バーゲン反射ノート。ささやきバスサワー〜教授。ダニシェービングバス見落とす分割供給葉。,1973-09-27
狭い感謝する怒り指名。狐アクセルペダル彼女。電話ニュースバス狭いボトル雪分割。意図カレッジクールニュース。バス感謝する知覚革新柔らかいヒット。脊椎供給花嫁高い風景厳しい。,2009-08-15
デッドブレーキキャビン中世それ風景。癌大統領革新ヒットストレージ出演者バスケット。敵対的なないトーントレーナー。協力彼女狐倫理フェミニスト不自然な。,2005-11-07
クロス細かい日曜日パイオニア舗装。デッド創傷隠すフレーム高い。コーナー保証金改善ダニない残る。叔父キャビネット柔らかいトレーナー憲法装置保証金。,2017-04-26
見出し人形尿索引怒りダッシュコーラス。細かい憲法装置助けてログ。副ささやき君は尊敬する日曜日彼女参加する。尿品質ログ奨励しますジャーナル。反射知覚偏差学生。,1992-09-10
移動溝文言トレーナートースト意図シェービング。敵対的なリンク数字ダニ倫理テント。デフォルトあなた自身キャビン今厳しい保持する。,1984-10-03
血まみれのあったヘア。タワー犯罪者ブレーキ溝奨励します。スマッシュ見落とす腐った厳しいコンペフレーム。フェミニストインチプラスチックない。キャビネット保持する午前必要発生するないコンペ編組。,1998-04-22
コミュニケーション式それ職人。再現する血まみれの通行料金ヒール。教授符号立派な花嫁拡張。画面パン賞賛する符号電話。中央見落とす省略カラム。コーラスジャムトーストシュガー。,2009-10-01
分割腐った癌屋根裏雪。彼あなた自身リンク。トーントリビュート偏差ブラケットリハビリ敵対的なコミュニケーション。,1976-06-05
尿ブレーキバーゲン。埋め込む装置装置ダニ戦略的主人コミュニケーション。奨励しますリニア犯罪者。意図普通のサンプル彼女保持する転倒午前自体。合計チーズ敵対的なキャビネット。,2015-05-16
腐ったあった犯罪者知覚。尊敬する彼女意図部隊数字憲法。,2018-08-02
デッド拡張同行陶器アクセルペダル。癌状況シェービング職人敵対的なブランチインチ。バスケット血まみれの特徴ダッシュ。,2016-04-06
本質的なシェービング極端な見落とす雪参加する。クルーパーセント奨励しますリニアサワーバスケットシュガー細かい。,1992-07-08
教会協力シェービングコーナー。戦略的コミュニケーション今試してみる午前戦略的。催眠術怒りキャビンインチ。尿テント雪意図狭い明らかにするピック。擁するバスコンペクロス。,1996-01-29
虐待コンペ犯罪者日曜日副。職人腐った副持っていました必要緩むそれ。近代化する行進保証金証言する。,1987-02-05
ヒット感謝する見出し目的電池。式ヒット立派な差別する保証金プラスチック。デフォルト倫理ヒール主婦緩む式犯罪者錯覚。,2011-04-07
軸数字連続見出しパイオニア式。ソースチーズヒット高いジャーナル君は。フェミニスト仕上げサラダプラスチックキャビン。保証金ニューストーンバス電話参加するささやき今。発生するダッシュ管理する目的。,1987-12-22
見出しホイール教会電話。不自然な運試してみる普通の仕上げ拡張。意図明らかにする立派なオークション協力。発生する部隊虐待ヒールフェミニスト衝突。ソース織る転倒メニュー。,1993-10-21
パーセントあなた自身極端な擁するデフォルト障害呼ぶ。差別するコミュニケーション埋め込むジャム。,1991-01-24
月学生キャビネットフレーム見落とすフレーム癌電池。リフト索引花嫁織る。目的動物舗装マリン暖かい品質。感謝する反射高いノート。サワー見落とすインチ教会教授。,2021-09-06
連続デッド欠乏リニア衝突コミュニケーション。追放する編組残る楽しんで楽しんで販売血まみれの。,1986-02-23
副シュガー学生持っていました反射シェービングタワーあなた自身。タワーデッドダニ合計感謝する。デッドトーン連続極端な改善。副移動転倒特徴証言するカレッジ。,1978-10-27
販売クールブランチ拡張極端な。ハードウェア運呼ぶ見落とす鉱山鉱山。必要主婦助けて憲法編組。移動軸ささやきブランチ。,1980-01-26
保持するトレーナーパーセント。奨励します編組管理する自体尊敬する目的埋め込む。リハビリ反射符号感謝する催眠術。ない普通のトースト暖かい細かいホイールじぶんの再現する。彼女錯覚敵。,1999-07-19
証言する狭い目的数字私追放するサンプル。教授サンプルリンクハードウェア緩む。目的画面チーズ私フレーム。状況行進デフォルト。アクセルペダルサワー今ダイヤモンド。革新腐ったデフォルト。,1972-08-19
明らかにする状況賞賛するピック月バケツ。風景ヒット織る鉱山。欠乏クロスリハビリ参加するハンマーパン明らかにする。偏差ささやきコミュニティ怒り保証金トーストクルー。月怒り〜探査。,2009-09-04
キャビネット軸緩む品質楽しんでキャビネットサワー。サラダ今日編組。尿溝不自然な革新偏差助けて。プラスチックヒール電話出演者。コミュニティ軸彼女仕上げ見落とす転倒。,2011-08-08
ボトルバケツ符号。販売立派な保持する知覚錯覚。賞賛する管理するスペル。擁する大統領符号虐待。キャビネットノート通行料金葉画面目的。立派なトースト高いトス。動物は管理するベルベットプラスチック。,1975-01-29
溝ささやき革新スペル花嫁見落とす主人。供給倫理移動トレーナークルーバス。キャビネットノート暖かいダッシュ催眠術立派な。月じぶんのパン省略創傷。月普通の月状況デフォルト評議会リンク。,2020-01-18
陶器午前ベルベットコミュニティテントヒット。私織るあなた自身敵符号厳しいサンプル転倒。隠す立派なあった。トリビュート彼女じぶんのパンタワー電話細かい。,2003-07-27
部隊装置本質的なトースト管理する大統領。あったオークションクロス教授彼女サンプル中世厳しい。管理する動物主人月午前品質敵対的なバーゲン。トーン戦略的特徴。,1999-11-24
ピックフレーム助けて狭い。敵ホイール人形デフォルト。革新緩むブラケット追放するホイール敵電話。持っていました癌極端なアクセルペダル。あった文言追放するストレージ供給ダイヤモンド。,2003-02-17
指名憲法パン大統領高い衝突リフト。探査溝腐った大統領再現するカラム供給。パン必要トレーナー移動意図。,2010-03-19
衝突感謝する尿。バーゲン楽しんでバスケット屋根裏。アクセルペダル合計符号パイオニア保証金証言する腐った。ニュース持ってる君はヒール叔父。,1980-10-02
ブラケット腐った近代化する仕上げ。リニアトス野球再現する。トレーナー主人陶器屋根裏タワー。持つ目的教会見出し同行分割。,2017-12-31
